Регион РФ;Административный район;Населённый пункт;Улица;Плановое начало отключения Дата;Плановое начало отключения Время;Плановое восстановление Дата;Плановое восстановление Время;Филиал;РЭС;Комментарий
Санкт-Петербург;Фрунзенский район;г. Санкт-Петербург;"ул. Будапештская,  д. 29,  к. 4; ул. Белградская,  д. 24; д. 26,  к.2,  к.3,  к.4,  к.5,  к.6; д. 28";27-09-2023;11:00;27-09-2023;17:00;Кабельная сеть;Невский РЭС;
Ленинградская область;Всеволожский район;СНТ «Восход»,  СНТ «Метеор»,  СНТ «Красный Маяк»,  СНТ «Электроприбор»,  СНТ им.Кулакова,  СНТ «Трансмашевец», СНТ «Метрополитеновец»,  СНТ «Управление Октябрьской железной дороги»,  СНТ «Рабочий»,  СНТ «Фрунзевец»,  СНТ «Балтиец»,  СНТ «Леспроект»,  ООО «Полюстрово»,  СНТ «Эскалатор»,  СНТ «Красная нить»,   СНТ «Севзапстрой»,  СНТ «Красная Заря» ,  СНТ «Турбостроитель»,  АСНТ «Рубикон»,  д.Васкелово  Лемболовская набережная,  МЦ «Борменталь» .;;27-09-2023;10:00;27-09-2023;17:00;Северные электрические сети;Сертоловский РЭС;
Санкт-Петербург;Невский район;Санкт-Петербург;ул.Коллонтай, д5/1;27-09-2023;10:00;27-09-2023;17:00;Кабельная сеть;Правобережный РЭС;отключение э/э не превышает 20мин
Санкт-Петербург;Курортный район;п.Комарово;Зеленогорское ш,  д. перегон между пос.Комарово и г.Зеленогорск,  с 13/5 км по 18/0 км, 15-й км Зеленогорского шоссе;27-09-2023;09:00;27-09-2023;20:00;Северные электрические сети;Курортный РЭС;Установка УТКЗ
Ленинградская область;Тихвинский район;д. Астрача;ТП 143-22-19 (Астрача-Западная),  ТП 143-22-05 (Астрача),  ТП 143-22-27 (Башня связи);27-09-2023;09:00;27-09-2023;17:00;Тихвинские ЭС;Тихвинский РЭС;Планируемое время отключения не более 6-х часов в указанный период времени.
Ленинградская область;Волосовский район;Пружицы (ретранслятор);;27-09-2023;09:00;27-09-2023;17:00;Кингисеппские ЭС;Кингисеппский РЭС;
Санкт-Петербург;Курортный район;п.Лисий Нос;Морские Дубки ул,  д.28  ,  Морские Дубки ул,  д.31  ,  Морские Дубки ул,  д.33  ,  Морские Дубки ул,  д.37  ,  Пограничная ул,  д.32 А ,  Пограничная ул,  д.49  ,  Пограничная ул,  д.50  ,  Пограничная ул,  д.51  ,  Пограничная ул,  д.53  ,  Пограничная ул,  д.54  ,  Пограничная ул,  д.59 А ,  Пограничная ул,  д.62  ,  Пограничная ул,  д.64  ,  Морские Дубки ул,  д.37 А ,  Морские Дубки ул,  д.38  ,  Морские Дубки ул,  д.39  ,  Морские Дубки ул,  д.41 А ,  Пограничная ул,  д.38 А ,  Пограничная ул,  д.50 А ,  Пограничная ул,  д.58  ,  Пограничная ул,  д.59  ,  Пограничная ул,  д.61  ,  Пограничная ул,  д.62 А ,  Морские Дубки ул,  д.29  ,  Морские Дубки ул,  д.43  ,  Пограничная ул,  д.64 А ,  Морские Дубки ул,  д.40  ,  Пограничная ул,  д.52  ,  Пограничная ул,  д.  уч. 7,  Морские Дубки ул,  д.32  лит.А,  Морские Дубки ул,  д.34  лит.А,  Морские Дубки ул,  д.41  лит.А,  Морские Дубки ул,  д.29  лит.Б,  Пограничная ул,  д.56  ,  пом.1,  Пограничная ул,  д.  уч. 18,  Пограничная ул,  д.56  ,  пом.2,  Пограничная ул,  д.52 А ,  Пограничная ул,  д.51 А ,  Морские Дубки ул,  д.42  ,  Пограничная ул,  д.10 А ,  Морские Дубки ул,  д.29 А ,  Морские Дубки ул,  д.34 А ,  Морские Дубки ул,  д.53 А ,  Пограничная ул,  д.54 А ,  Пограничная ул,  д.53 А ,  Морские Дубки ул,  д.36 А ,  Пограничная ул,  д.40 А ,  Морские Дубки ул,  д.41 Б ,  Морские Дубки ул,  д.32 А ,  Пограничная ул,  д.49 А ,  Пограничная ул,  д.60 А ,  Морские Дубки ул,  д.29 Б ,  Морские Дубки ул,  д.30 А ,  Морские Дубки ул,  д.39 А ,  Морские Дубки ул,  д.31 А ,  Пограничная ул,  д.56 А ,  Пограничная ул,  д.30 А ,  Пограничная ул,  д.49  ,  лит.А,  Морские Дубки ул,  д.50 А ,  Морские Дубки ул,  д.40 А ,  Пограничная ул,  д.58 А ,  Пограничная ул,  д.61 А ,  Пограничная ул,  д.41 А;27-09-2023;09:00;27-09-2023;20:00;Северные электрические сети;Курортный РЭС;ремонт ВЛ-0,4кВ
Ленинградская область;Выборгский район (ЛО);п.Черкасово,  п.Перово;частично;27-09-2023;09:00;27-09-2023;17:00;Выборгские ЭС;Выборгский РЭС;
Ленинградская область;Тосненский район;п.Рябово;Пельгорское  Шоссе,  1-12 линии.;27-09-2023;06:00;27-09-2023;17:00;Гатчинские ЭС;Тосненский РЭС;
Ленинградская область;Тосненский район;п.Рябово;Пельгорское  Шоссе,  1-12 линии.;27-09-2023;06:00;27-09-2023;17:00;Гатчинские ЭС;Тосненский РЭС;Текущий ремонт  В-6 Ф-01 ПС-717.
Ленинградская область;Ломоносовский район;"Б. Ижора.,  СНТ ""Якорь""";ч/с,  промзона и др. объекты;26-09-2023;11:00;26-09-2023;15:00;Южные электрические сети;Петродворцовый  РЭС;Отключение ф. Ирмино-07 26.09.2023г. с 11:00 до 15:00 для выполнения задания по изменению уставок РЗА на ПС Ирмино по ф. Ирм-07.
Санкт-Петербург;Невский район;Санкт-Петербург;ул.Народная, д49, д51, д53, д55, д57, д59, д59к1, д61, д61к2;26-09-2023;11:00;26-09-2023;17:00;Кабельная сеть;Правобережный РЭС;
Санкт-Петербург;Фрунзенский район;г. Санкт-Петербург;"Альпийский пер.,  д. 5,  к.2; д. 7; д. 9,  к.1,  к.2,  к.3; д. 11,  к.1,  к.2; д. 13,  к.1,  к.2; д. 15,  к.3.";26-09-2023;11:00;26-09-2023;17:00;Кабельная сеть;Невский РЭС;
Санкт-Петербург;Фрунзенский район;г. Санкт-Петербург;пр. Славы,  д. 2,  к.1,  к.2.;26-09-2023;11:00;26-09-2023;17:00;Кабельная сеть;Невский РЭС;
Санкт-Петербург;Выборгский район (СПб);Санкт-Петербург;пр. Просвещения д.19;26-09-2023;10:00;26-09-2023;17:00;Кабельная сеть;Северный РЭС;
Санкт-Петербург;Приморский район (СПб);Санкт-Петербург;ул. Плесецкая д. 8 к. 1,  ул. Плесецкая д. 8 к. 2,  пр. Авиаконструкторов д. 61 стр. 1;26-09-2023;10:00;26-09-2023;15:00;Кабельная сеть;Западный РЭС;
Санкт-Петербург;Василеостровский район;Санкт-Петербург;ул. Одоевского,  д. 24 к. 2;26-09-2023;10:00;26-09-2023;17:00;Кабельная сеть;Островной РЭС;Перевод нагрузки на Т-2
Ленинградская область;Всеволожский район;ДНП Новые Дубки,  СНТ Долина ветров,  Майна,  Чайка,  Грузино 3, 4,  Культура,  1, 2 Подём воды.;;26-09-2023;09:00;26-09-2023;17:00;Северные электрические сети;Сертоловский РЭС;
Санкт-Петербург;Курортный район;г.Зеленогорск;Территория Красавица участок 1 (западнее д. 45,  литер А,  ), Территория Красавица д.11 ,  лит. А, Территория Красавица д.13 ,  лит. А, Территория Красавица 14 ,  лит. А, Территория Красавица д.15 ,  лит. А, Территория Красавица д.17 ,  лит. А, Территория Красавица д.26 ,  лит. А, Территория Красавица д.27 ,  лит. А, Территория Красавица д.28 ,  лит. А, Территория Красавица водозаборные скважины,  станции очистки,  насосная скважина,  водонапорная башня;26-09-2023;09:00;26-09-2023;20:00;Северные электрические сети;Курортный РЭС;Установка УТКЗ
Санкт-Петербург;Курортный район;г.Зеленогорск;Территория Красавица д.8 , Территория Красавица д.9 ,  лит. А, Территория Красавица д.10 ,  лит. А, Территория Красавица д.16 ,  лит. А, Территория Красавица д.20 , Территория Красавица д.12 ,  лит. А;26-09-2023;09:00;26-09-2023;09:00;Северные электрические сети;Курортный РЭС;Установка УТКЗ
Санкт-Петербург;Курортный район;г.Зеленогорск;территория Красавица д.23 , территория Красавица д.3 , территория Красавица д.47 , территория Красавица,  д.6, 6Б;26-09-2023;09:00;26-09-2023;20:00;Северные электрические сети;Курортный РЭС;Установка УТКЗ
Санкт-Петербург;Курортный район;г.Зеленогорск;территория Красавица,  д. уч.1 (южнее д. 23,  лит. А);26-09-2023;09:00;26-09-2023;20:00;Северные электрические сети;Курортный РЭС;Установка УТКЗ
Ленинградская область;Подпорожский район;Вознесенье,  Красный Бор,  Щелейки,  Гимрека,  Володарская;;26-09-2023;09:00;26-09-2023;17:00;Новоладожские ЭС;Лодейнопольский РЭС;
Санкт-Петербург;Выборгский район (СПб);п.Левашово;Санкт-Петербург,  Левашово п,  Горское ш,  71,  1 Санкт-Петербург,  Левашово п,  Горское ш,  51 Санкт-Петербург,  Левашово п,  Горское ш,  63 Санкт-Петербург,  Левашово п,  Горское ш,  67 Санкт-Петербург,  Левашово п,  Трансформаторный пер,  12,  А Санкт-Петербург,  Левашово п,  Трансформаторный пер,  20,  А Санкт-Петербург,  Левашово п,  Трансформаторный пер,  26,  А Санкт-Петербург,  Левашово п,  Железнодорожная ул,  16 Санкт-Петербург,  Левашово п,  Дружбы ул,  3 Санкт-Петербург,  Левашово п,  Дружбы ул,  4 Санкт-Петербург,  Левашово п,  Дружбы ул,  5 Санкт-Петербург,  Левашово п,  Дружбы ул,  6 Санкт-Петербург,  Левашово п,  Ленинградское ш,  22,  А Санкт-Петербург,  Левашово п,  Труда ул,  4 Санкт-Петербург,  Левашово п,  Труда ул,  5 Санкт-Петербург,  Левашово п,  Труда ул,  6,  а,  А Санкт-Петербург,  Левашово п,  Труда ул,  6,  а,  А Санкт-Петербург,  Левашово п,  Труда ул,  8 Санкт-Петербург,  Левашово п,  Труда ул,  9 Санкт-Петербург,  Левашово п,  Труда ул,  11 Санкт-Петербург,  Левашово п,  Труда ул,  14 Санкт-Петербург,  Левашово п,  Труда ул,  15 Санкт-Петербург,  Левашово п,  Труда ул,  16,  А Санкт-Петербург,  Левашово п,  Труда ул,  16,  А Санкт-Петербург,  Левашово п,  Труда ул,  18,  А Санкт-Петербург,  Левашово п,  Труда ул,  22,  А Санкт-Петербург,  Левашово п,  Труда ул,  23 Санкт-Петербург,  Левашово п,  Труда ул,  25,  А Санкт-Петербург,  Левашово п,  Труда ул,  26,  А Санкт-Петербург,  Левашово п,  Труда ул,  34 Санкт-Петербург,  Левашово п,  Трансформаторный пер,  29,  А Санкт-Петербург,  Левашово п,  Трансформаторный пер,  31,  А Санкт-Петербург,  Левашово п,  Трансформаторный пер,  33,  А Санкт-Петербург,  Левашово п,  Труда ул,  3 Санкт-Петербург,  Левашово п,  Горское ш,  71,  8 Санкт-Петербург,  Левашово п,  Трансформаторный пер,  6,  А Санкт-Петербург,  Левашово п,  Трансформаторный пер,  9,  А Санкт-Петербург,  Левашово п,  Трансформаторный пер,  11,  А Санкт-Петербург,  Левашово п,  Трансформаторный пер,  22,  А Санкт-Петербург,  Левашово п,  Трансформаторный пер,  25,  А Санкт-Петербург,  Левашово п,  Трансформаторный пер,  28,  А Санкт-Петербург,  Левашово п,  Трансформаторный пер,  28,  А Санкт-Петербург,  Левашово п,  Горское ш,  59 Санкт-Петербург,  Левашово п,  Горское ш,  59 Санкт-Петербург,  Левашово п,  Горское ш,  63,  А Санкт-Петербург,  Левашово п,  Горское ш,  69,  А Санкт-Петербург,  Левашово п,  Горское ш,  75 Санкт-Петербург,  Левашово п,  Труда ул,  5,  А Санкт-Петербург,  Левашово п,  Труда ул,  8,  Б Санкт-Петербург,  Левашово п,  Труда ул,  10,  А Санкт-Петербург,  Левашово п,  Труда ул,  10,  А Санкт-Петербург,  Левашово п,  Труда ул,  10,  А Санкт-Петербург,  Левашово п,  Труда ул,  12 Санкт-Петербург,  Левашово п,  Труда ул,  12,  А Санкт-Петербург,  Левашово п,  Дружбы ул,  2 Санкт-Петербург,  Левашово п,  Дружбы ул,  4,  А Санкт-Петербург,  Левашово п,  Дружбы ул,  5,  А Санкт-Петербург,  Левашово п,  Дружбы ул,  6,  А Санкт-Петербург,  Левашово п,  Труда ул,  14,  А Санкт-Петербург,  Левашово п,  Труда ул,  16 Санкт-Петербург,  Левашово п,  Труда ул,  16,  а,  А Санкт-Петербург,  Левашово п,  Труда ул,  17 Санкт-Петербург,  Левашово п,  Труда ул,  17 Санкт-Петербург,  Левашово п,  Труда ул,  18 Санкт-Петербург,  Левашово п,  Труда ул,  19,  А Санкт-Петербург,  Левашово п,  Труда ул,  25 Санкт-Петербург,  Левашово п,  Труда ул,  26 Санкт-Петербург,  Левашово п,  Труда ул,  30 Санкт-Петербург,  Левашово п,  Труда ул,  32,  А Санкт-Петербург,  Левашово п,  Труда ул,  32,  А Санкт-Петербург,  Левашово п,  Ленинградское ш,  8,  А Санкт-Петербург,  Левашово п,  Железнодорожная ул,  6,  А Санкт-Петербург,  Левашово п,  Железнодорожная ул,  8 Санкт-Петербург,  Левашово п,  Железнодорожная ул,  10,  а,  А Санкт-Петербург,  Левашово п,  Железнодорожная ул,  12 Санкт-Петербург,  Левашово п,  Железнодорожная ул,  12 Санкт-Петербург,  Левашово п,  Железнодорожная ул,  16,  А Санкт-Петербург,  Левашово п,  Железнодорожная ул,  16,  А Санкт-Петербург,  Левашово п,  Железнодорожная ул,  16,  А Санкт-Петербург,  Левашово п,  Железнодорожная ул,  18 Санкт-Петербург,  Левашово п,  Железнодорожная ул,  18 Санкт-Петербург,  Левашово п,  Труда ул,  28,  А Санкт-Петербург,  Левашово п,  Труда ул,  28,  А Санкт-Петербург,  Левашово п,  Железнодорожная ул,  8,  Б Санкт-Петербург,  Левашово п,  Ленинградское Шоссе,  10,  7 Санкт-Петербург,  Левашово п,  Ленинградское Шоссе,  10,  5 Санкт-Петербург,  Левашово п,  Ленинградское Шоссе,  10,  8 Санкт-Петербург,  Левашово п,  Ленинградское Шоссе,  10,  2 Санкт-Петербург,  Левашово п,  Горское ш,  71,  2 Санкт-Петербург,  Левашово п,  Горское ш,  71,  3 Санкт-Петербург,  Левашово п,  Горское ш,  71,  4 Санкт-Петербург,  Левашово п,  Ленинградское Шоссе,  8,  ,  лит.А Санкт-Петербург,  Левашово п,  Труда ул,  13,  ,  лит.Б Санкт-Петербург,  Левашово п,  Труда ул,  36,  ,  лит.А Санкт-Петербург,  Левашово п,  Трансформаторный Пер.,  3 Санкт-Петербург,  Левашово п,  Трансформаторный Пер.,  6 Санкт-Петербург,  Левашово п,  Трансформаторный Пер.,  8 Санкт-Петербург,  Левашово п,  Трансформаторный Пер.,  10,  1 Санкт-Петербург,  Левашово п,  Трансформаторный Пер.,  10,  2 Санкт-Петербург,  Левашово п,  Трансформаторный Пер.,  12 Санкт-Петербург,  Левашово п,  Трансформаторный Пер.,  14 Санкт-Петербург,  Левашово п,  Трансформаторный Пер.,  15 Санкт-Петербург,  Левашово п,  Трансформаторный Пер.,  16 Санкт-Петербург,  Левашово п,  Трансформаторный Пер.,  17,  лит.А Санкт-Петербург,  Левашово п,  Трансформаторный Пер.,  20 Санкт-Петербург,  Левашово п,  Трансформаторный Пер.,  21 Санкт-Петербург,  Левашово п,  Трансформаторный Пер.,  22 Санкт-Петербург,  Левашово п,  Трансформаторный Пер.,  24 Санкт-Петербург,  Левашово п,  Трансформаторный Пер.,  25 Санкт-Петербург,  Левашово п,  Трансформаторный Пер.,  26 Санкт-Петербург,  Левашово п,  Горское ш,  71,  7 Санкт-Петербург,  Левашово п,  Горское ш,  73,  1 Санкт-Петербург,  Левашово п,  Горское ш,  73,  3 Санкт-Петербург,  Левашово п,  Горское ш,  73,  4 Санкт-Петербург,  Левашово п,  Горское ш,  73,  5 Санкт-Петербург,  Левашово п,  Горское ш,  73,  6 Санкт-Петербург,  Левашово п,  Горское ш,  73,  7 Санкт-Петербург,  Левашово п,  Горское ш,  73,  8 Санкт-Петербург,  Левашово п,  Горское ш,  77,  1 Санкт-Петербург,  Левашово п,  Горское ш,  77,  2 Санкт-Петербург,  Левашово п,  Горское ш,  77,  3 Санкт-Петербург,  Левашово п,  Горское ш,  77,  4 Санкт-Петербург,  Левашово п,  Горское ш,  77,  5 Санкт-Петербург,  Левашово п,  Горское ш,  77,  6 Санкт-Петербург,  Левашово п,  Горское ш,  77,  8 Санкт-Петербург,  Левашово п,  Ленинградское Шоссе,  10,  6 Санкт-Петербург,  Левашово п,  Трансформаторный Пер.,  27 Санкт-Петербург,  Левашово п,  Трансформаторный Пер.,  28 Санкт-Петербург,  Левашово п,  Трансформаторный Пер.,  29 Санкт-Петербург,  Левашово п,  Трансформаторный Пер.,  30 Санкт-Петербург,  Левашово п,  Трансформаторный Пер.,  31 Санкт-Петербург,  Левашово п,  Трансформаторный Пер.,  33 Санкт-Петербург,  Левашово п,  Трансформаторный Пер.,  19,  2 Санкт-Петербург,  Левашово п,  Трансформаторный Пер.,  3,  2 Санкт-Петербург,  Левашово п,  Ленинградское Шоссе,  10,  4 Санкт-Петербург,  Левашово п,  Ленинградское Шоссе,  10,  3 Санкт-Петербург,  Левашово п,  Трансформаторный Пер.,  2 Санкт-Петербург,  Левашово п,  Трансформаторный Пер.,  2 Санкт-Петербург,  Левашово п,  перекресток Горскогош. и Ленинградского,  . Санкт-Петербург,  Левашово п,  Маяковского ул,  31,  2,  лит.А Санкт-Петербург,  Левашово п,  Трансформаторный Пер.,  5 Санкт-Петербург,  Левашово п,  Трансформаторный Пер.,  7,  а Санкт-Петербург,  Левашово п,  Трансформаторный Пер.,  9 Санкт-Петербург,  Левашово п,  Трансформаторный Пер.,  11 Санкт-Петербург,  Левашово п,  Трансформаторный Пер.,  1 Санкт-Петербург,  Левашово п,  Трансформаторный Пер.,  1 Санкт-Петербург,  Левашово п,  Труда ул,  22,  лит.А Санкт-Петербург,  Левашово п,  Труда ул,  6,  ,  лит. А Санкт-Петербург,  Левашово п,  Труда ул,  уч.1 (восточнее д.4. лит.А по ул. Труда) Санкт-Петербург,  Левашово п,  Труда ул,  уч.1 (восточнее д.4. лит.А по ул. Труда) Санкт-Петербург,  Левашово п,  Железнодорожная ул,  уч.4а Санкт-Петербург,  Левашово п,  Железнодорожная ул,  уч.4а Санкт-Петербург,  Левашово п,  Ленинградское Шоссе,  уч.2 Санкт-Петербург,  Левашово п,  Ленинградское Шоссе,  уч.2 Санкт-Петербург,  Левашово п,  Ленинградское Шоссе,  3 Санкт-Петербург,  Левашово п,  Ленинградское Шоссе,  1 Санкт-Петербург,  Левашово п,  Ленинградское Шоссе,  5 Санкт-Петербург,  Левашово п,  Ленинградское Шоссе,  7 Санкт-Петербург,  Левашово п,  Ленинградское Шоссе,  9 Санкт-Петербург,  Левашово п,  Ленинградское Шоссе,  9 Санкт-Петербург,  Левашово п,  Ленинградское Шоссе,  10,  а Санкт-Петербург,  Левашово п,  Ленинградское Шоссе,  16 Санкт-Петербург,  Левашово п,  Ленинградское Шоссе,  18 Санкт-Петербург,  Левашово п,  Ленинградское Шоссе,  20 Санкт-Петербург,  Левашово п,  Труда ул,  10,  лит.А Санкт-Петербург,  Левашово п,  Ленинградское Шоссе,  22 Санкт-Петербург,  Левашово п,  Горское ш,  69,  лит.А Санкт-Петербург,  Левашово п,  Железнодорожная ул,  10,  а Санкт-Петербург,  Левашово п,  Железнодорожная ул,  14,  1 Санкт-Петербург,  Левашово п,  Железнодорожная ул,  14,  2 Санкт-Петербург,  Левашово п,  Железнодорожная ул,  6,  лит.А Санкт-Петербург,  Левашово п,  Железнодорожная ул,  4,  участок Санкт-Петербург,  Левашово п,  Железнодорожная ул,  4,  участок Санкт-Петербург,  Левашово п,  Труда ул,  7,  1 Санкт-Петербург,  Левашово п,  Труда ул,  7,  2 Санкт-Петербург,  Левашово п,  Труда ул,  3 Санкт-Петербург,  Левашово п,  Труда ул,  11,  А Санкт-Петербург,  Левашово п,  Маяковского ул,  31,  2,  А Санкт-Петербург,  Левашово п,  Трансформаторный пер,  21,  А Санкт-Петербург,  Левашово п,  Дружбы ул,  3,  А Санкт-Петербург,  Левашово п,  Горское ш,  51,  А Санкт-Петербург,  Левашово п,  Трансформаторный пер,  27,  А Санкт-Петербург,  Левашово п,  Трансформаторный пер,  16,  А Санкт-Петербург,  Левашово п,  Труда ул,  6,  б Санкт-Петербург,  Левашово п,  Ленинградское Шоссе,  6,  лит.А Санкт-Петербург,  Левашово п,  Труда ул,  36,  А Санкт-Петербург,  Левашово п,  Труда ул,  3,  А Санкт-Петербург,  Левашово п,  Трансформаторный Пер.,  23 Санкт-Петербург,  Левашово п,  Трансформаторный пер,  15,  А Санкт-Петербург,  Левашово п,  Трансформаторный Пер.,  4 Санкт-Петербург,  Левашово п,  Ленинградское ш,  18,  А Санкт-Петербург,  Левашово п,  Труда ул,  6,  А Санкт-Петербург,  Левашово п,  Горское ш,  71,  5 Санкт-Петербург,  Левашово п,  Ленинградское ш,  3,  А Санкт-Петербург,  Левашово п,  Трансформаторный пер,  32,  А Санкт-Петербург,  Левашово п,  Ленинградское ш,  10,  а,  А Санкт-Петербург,  Левашово п,  Трансформаторный пер,  30,  А Санкт-Петербург,  Левашово п,  Железнодорожная ул,  12,  2,  В Санкт-Петербург,  Левашово п,  Труда ул,  20,  А Санкт-Петербург,  Левашово п,  Труда ул,  20 Санкт-Петербург,  Левашово п,  Труда ул,  21,  А Санкт-Петербург,  Левашово п,  Труда ул,  21,  А Санкт-Петербург,  Левашово п,  Труда ул,  19 Санкт-Петербург,  Левашово п,  Горское ш,  67,  А Санкт-Петербург,  Левашово п,  Горское ш,  73,  2 Санкт-Петербург,  Левашово п,  Трансформаторный пер,  7,  А Санкт-Петербург,  Левашово п,  Трансформаторный пер,  4,  А Санкт-Петербург,  Левашово п,  Труда ул,  9,  А Санкт-Петербург,  Левашово п,  Трансформаторный пер,  24,  А Санкт-Петербург,  Левашово п,  Труда ул,  4,  А Санкт-Петербург,  Левашово п,  Трансформаторный пер,  14,  А Санкт-Петербург,  Левашово п,  Труда ул,  30,  А Санкт-Петербург,  Левашово п,  Трансформаторный пер,  23,  А Санкт-Петербург,  Левашово п,  Ленинградское ш,  7,  А Санкт-Петербург,  Левашово п,  Труда ул,  34,  А Санкт-Петербург,  Левашово п,  Трансформаторный пер,  5,  А Санкт-Петербург,  Левашово п,  Труда ул,  23,  А Санкт-Петербург,  Левашово п,  Ленинградское ш,  16,  А Санкт-Петербург,  Левашово п,  Железнодорожная ул,  12,  Б Санкт-Петербург,  Левашово п,  Ленинградское ш,  1,  А Санкт-Петербург,  Левашово п,  Дружбы ул,  2,  А Санкт-Петербург,  Левашово п,  Трансформаторный Пер.,  19,  1 Санкт-Петербург,  Левашово п,  Труда ул,  24,  Б Санкт-Петербург,  Левашово п,  Труда ул,  24,  Б Санкт-Петербург,  Левашово п,  Трансформаторный пер,  3,  А Санкт-Петербург,  Левашово п,  Трансформаторный пер,  2,  А Санкт-Петербург,  Левашово п,  Ленинградское ш,  6,  А Санкт-Петербург,  Левашово п,  Труда ул,  15,  А Санкт-Петербург,  Левашово п,  Ленинградское ш,  20,  А Санкт-Петербург,  Левашово п,  Ленинградское Шоссе,  10,  1 Санкт-Петербург,  Левашово п,  Ленинградское ш,  5,  Б Санкт-Петербург,  Левашово п,  Трансформаторный пер,  17,  А Санкт-Петербург,  Левашово п,  Труда ул,  6,  Б,  А Санкт-Петербург,  Левашово п,  Трансформаторный пер,  8,  А Санкт-Петербург,  Левашово п,  Горское ш,  77,  7 Санкт-Петербург,  Левашово п,  Труда ул,  13,  Б Санкт-Петербург,  Левашово п,  Горское ш,  122 Санкт-Петербург,  Левашово п,  Горское ш,  122 Санкт-Петербург,  Левашово п,  Трансформаторный пер,  3,  2,  А;26-09-2023;09:00;26-09-2023;17:00;Северные электрические сети;Песочинский РЭС;
Ленинградская область;Кировский район (ЛО);п. Дачное,  д. Новинка,  д. Горы,    СНТ: Новинка,  Дачное,  Вперёд,  Геолог,  Электросила-3,  ТЭЦ-2,   Электросила,  Бугры,  Завод им. Ленина,  Ленгазовец,  Невский Завод.;МАССИВ Горы-1;26-09-2023;09:00;26-09-2023;18:00;Новоладожские ЭС;Волховский РЭС;Работы для улучшения качества и надежности электроснабжения потребителей в период низких температур и неблагоприятных погодных условий (с включением потребителей на ночь).
Ленинградская область;Волосовский район;Пружицы,  Корчаны;;26-09-2023;09:00;26-09-2023;17:00;Кингисеппские ЭС;Кингисеппский РЭС;
Санкт-Петербург;Курортный район;п.Лисий Нос;Морские Дубки ул,  д.28  ,  Морские Дубки ул,  д.31  ,  Морские Дубки ул,  д.33  ,  Морские Дубки ул,  д.37  ,  Пограничная ул,  д.32 А ,  Пограничная ул,  д.49  ,  Пограничная ул,  д.50  ,  Пограничная ул,  д.51  ,  Пограничная ул,  д.53  ,  Пограничная ул,  д.54  ,  Пограничная ул,  д.59 А ,  Пограничная ул,  д.62  ,  Пограничная ул,  д.64  ,  Морские Дубки ул,  д.37 А ,  Морские Дубки ул,  д.38  ,  Морские Дубки ул,  д.39  ,  Морские Дубки ул,  д.41 А ,  Пограничная ул,  д.38 А ,  Пограничная ул,  д.50 А ,  Пограничная ул,  д.58  ,  Пограничная ул,  д.59  ,  Пограничная ул,  д.61  ,  Пограничная ул,  д.62 А ,  Морские Дубки ул,  д.29  ,  Морские Дубки ул,  д.43  ,  Пограничная ул,  д.64 А ,  Морские Дубки ул,  д.40  ,  Пограничная ул,  д.52  ,  Пограничная ул,  д.  уч. 7,  Морские Дубки ул,  д.32  лит.А,  Морские Дубки ул,  д.34  лит.А,  Морские Дубки ул,  д.41  лит.А,  Морские Дубки ул,  д.29  лит.Б,  Пограничная ул,  д.56  ,  пом.1,  Пограничная ул,  д.  уч. 18,  Пограничная ул,  д.56  ,  пом.2,  Пограничная ул,  д.52 А ,  Пограничная ул,  д.51 А ,  Морские Дубки ул,  д.42  ,  Пограничная ул,  д.10 А ,  Морские Дубки ул,  д.29 А ,  Морские Дубки ул,  д.34 А ,  Морские Дубки ул,  д.53 А ,  Пограничная ул,  д.54 А ,  Пограничная ул,  д.53 А ,  Морские Дубки ул,  д.36 А ,  Пограничная ул,  д.40 А ,  Морские Дубки ул,  д.41 Б ,  Морские Дубки ул,  д.32 А ,  Пограничная ул,  д.49 А ,  Пограничная ул,  д.60 А ,  Морские Дубки ул,  д.29 Б ,  Морские Дубки ул,  д.30 А ,  Морские Дубки ул,  д.39 А ,  Морские Дубки ул,  д.31 А ,  Пограничная ул,  д.56 А ,  Пограничная ул,  д.30 А ,  Пограничная ул,  д.49  ,  лит.А,  Морские Дубки ул,  д.50 А ,  Морские Дубки ул,  д.40 А ,  Пограничная ул,  д.58 А ,  Пограничная ул,  д.61 А ,  Пограничная ул,  д.41 А;26-09-2023;09:00;26-09-2023;20:00;Северные электрические сети;Курортный РЭС;ремонт ВЛ-0,4кВ
Ленинградская область;Тихвинский район;д. Паголда ТП 143-22-20;;26-09-2023;09:00;26-09-2023;17:00;Тихвинские ЭС;Тихвинский РЭС;Планируемое время отключения не более 5-ти часов
Санкт-Петербург;Фрунзенский район;г. Санкт-Петербург;Будапештская ул.,  д. 3,  лит. А.;25-09-2023;11:00;25-09-2023;17:00;Кабельная сеть;Невский РЭС;
Санкт-Петербург;Приморский район (СПб);Санкт-Петербург;ул. Долгоозерная д. 12 к. 2.;25-09-2023;11:00;25-09-2023;15:00;Кабельная сеть;Западный РЭС;
Санкт-Петербург;Приморский район (СПб);Санкт-Петербург;ул. Яхтенная д. 32 к. 2,  ул. Яхтенная д. 32 к. 3,  ул. Яхтенная д. 32 к. 4;25-09-2023;10:00;25-09-2023;17:00;Кабельная сеть;Западный РЭС;
Ленинградская область;Всеволожский район;пром зона Птице фабрика невская,  д. Аньялово.;;25-09-2023;10:00;25-09-2023;17:00;Северные электрические сети;Сертоловский РЭС;
Санкт-Петербург;Фрунзенский район;Санкт-Петербург;Волковский пр. д. 32;25-09-2023;10:00;25-09-2023;20:00;Кабельная сеть;Южный РЭС;
Санкт-Петербург;Петроградский район;Санкт-Петербург;Петровский пр.,  д. 1,  д. 3,  д. 5 стр. 1,  д. 16;25-09-2023;10:00;25-09-2023;18:00;Кабельная сеть;Островной РЭС;Перевод нагрузки на ТП 1501
Санкт-Петербург;Красногвардейский район;Санкт-Петербург;"Пискаревский пр.,  д.35,  37; М.Блюхера пр.,  д.38/2";25-09-2023;10:00;25-09-2023;21:00;Кабельная сеть;Восточный РЭС;
Ленинградская область;Гатчинский район;д. Покровская,  д. Антелево;;25-09-2023;10:00;25-09-2023;17:00;Южные электрические сети;Пушкинский РЭС;
Санкт-Петербург;Курортный район;п.Комарово;Щучье Озеро,  д.3 (участок 1), берег Щучьего озера,  д.5 , Берег Щучьего Озера тер,  д.3;25-09-2023;09:00;25-09-2023;20:00;Северные электрические сети;Курортный РЭС;Установка УТКЗ
Санкт-Петербург;Курортный район;п.Комарово;Берег Щучьего Озера тер,  д.2 , Щучье Озеро,  д.2 , Щучье Озеро,  д.2Б;25-09-2023;09:00;25-09-2023;20:00;Северные электрические сети;Курортный РЭС;Установка УТКЗ
Санкт-Петербург;Курортный район;п.Комарово;Берег Щучьего Озера тер,  д.2 , Щучье Озеро,  д.2 , Щучье Озеро,  д.2Б;25-09-2023;09:00;25-09-2023;20:00;Северные электрические сети;Курортный РЭС;Установка УТКЗ
Ленинградская область;Выборгский район (ЛО);п Боровое,  п Красноозерное,  п Октябрьское,  д Мастерьярви,  д Горки,  п Зеленая Роща ,  п Боровое,  п Красноозерное,  п Октябрьское,  д Мастерьярви,  д Горки,  п Зеленая Роща п Приветнинское (Индивидуальные  застройщики),            п Пески (с включением на ночь);СНТ Акватория,  ПДК Балтийская Ривьера, ДНП Старое Приветнинское ,  СНТ Улис ,  СНТ Онега,  СНТ Ручей,  СНТ Руские мельницы,  СНТ Омега ДНП Золотые Пески,  магазин Стройудача,  СНТ Озерное,  ДНП Приморье 1,  Т/Б Разлив КП Крутой берег,  НП Новое Комарово,  СНТ Зеленая Поляна СНТ Полянки,  СНТ Финский Бриз,  СНТ Морские терассы,  СНТ Стрела;25-09-2023;09:00;29-09-2023;19:00;Выборгские ЭС;Рощинский РЭС;
Ленинградская область;Волосовский район;Пружицы,  Голятицы;;25-09-2023;09:00;25-09-2023;17:00;Кингисеппские ЭС;Кингисеппский РЭС;
Санкт-Петербург;Курортный район;п.Лисий Нос;Морские Дубки ул,  д.28  ,  Морские Дубки ул,  д.31  ,  Морские Дубки ул,  д.33  ,  Морские Дубки ул,  д.37  ,  Пограничная ул,  д.32 А ,  Пограничная ул,  д.49  ,  Пограничная ул,  д.50  ,  Пограничная ул,  д.51  ,  Пограничная ул,  д.53  ,  Пограничная ул,  д.54  ,  Пограничная ул,  д.59 А ,  Пограничная ул,  д.62  ,  Пограничная ул,  д.64  ,  Морские Дубки ул,  д.37 А ,  Морские Дубки ул,  д.38  ,  Морские Дубки ул,  д.39  ,  Морские Дубки ул,  д.41 А ,  Пограничная ул,  д.38 А ,  Пограничная ул,  д.50 А ,  Пограничная ул,  д.58  ,  Пограничная ул,  д.59  ,  Пограничная ул,  д.61  ,  Пограничная ул,  д.62 А ,  Морские Дубки ул,  д.29  ,  Морские Дубки ул,  д.43  ,  Пограничная ул,  д.64 А ,  Морские Дубки ул,  д.40  ,  Пограничная ул,  д.52  ,  Пограничная ул,  д.  уч. 7,  Морские Дубки ул,  д.32  лит.А,  Морские Дубки ул,  д.34  лит.А,  Морские Дубки ул,  д.41  лит.А,  Морские Дубки ул,  д.29  лит.Б,  Пограничная ул,  д.56  ,  пом.1,  Пограничная ул,  д.  уч. 18,  Пограничная ул,  д.56  ,  пом.2,  Пограничная ул,  д.52 А ,  Пограничная ул,  д.51 А ,  Морские Дубки ул,  д.42  ,  Пограничная ул,  д.10 А ,  Морские Дубки ул,  д.29 А ,  Морские Дубки ул,  д.34 А ,  Морские Дубки ул,  д.53 А ,  Пограничная ул,  д.54 А ,  Пограничная ул,  д.53 А ,  Морские Дубки ул,  д.36 А ,  Пограничная ул,  д.40 А ,  Морские Дубки ул,  д.41 Б ,  Морские Дубки ул,  д.32 А ,  Пограничная ул,  д.49 А ,  Пограничная ул,  д.60 А ,  Морские Дубки ул,  д.29 Б ,  Морские Дубки ул,  д.30 А ,  Морские Дубки ул,  д.39 А ,  Морские Дубки ул,  д.31 А ,  Пограничная ул,  д.56 А ,  Пограничная ул,  д.30 А ,  Пограничная ул,  д.49  ,  лит.А,  Морские Дубки ул,  д.50 А ,  Морские Дубки ул,  д.40 А ,  Пограничная ул,  д.58 А ,  Пограничная ул,  д.61 А ,  Пограничная ул,  д.41 А;25-09-2023;09:00;25-09-2023;20:00;Северные электрические сети;Курортный РЭС;ремонт ВЛ-0,4кВ
Ленинградская область;Тосненский район;г.Любань;Октября,  Калинина,  Чкалова,  Пушкина;25-09-2023;09:00;25-09-2023;18:00;Гатчинские ЭС;Тосненский РЭС;Обрезка крон деревьев.
Ленинградская область;Тосненский район;г.Любань;Октября,  Калинина,  Чкалова,  Пушкина;25-09-2023;09:00;25-09-2023;18:00;Гатчинские ЭС;Тосненский РЭС;Обрезка крон деревьев.
Ленинградская область;Бокситогорский район;с. Сомино,  д.Забелье,  д. Вожани.;Ярославская,  Белозерка,  Набережная,  Колхозная,  Советская д.1-50;25-09-2023;06:00;25-09-2023;18:00;Тихвинские ЭС;Бокситогорский РЭС;
Санкт-Петербург;Невский район;г. Санкт-Петербург;ул. Седова,  д. 95,  к.2,  к.3.;24-09-2023;10:00;24-09-2023;17:00;Кабельная сеть;Невский РЭС;
Санкт-Петербург;Колпинский район;п. Металлострой;пром зона Металлострой;24-09-2023;10:00;24-09-2023;16:00;Южные электрические сети;Колпинский РЭС;
Санкт-Петербург;Красногвардейский район;Санкт-Петербург;пр.Мечникова,  д.19,  17,  21;24-09-2023;10:00;24-09-2023;20:00;Кабельная сеть;Восточный РЭС;
Ленинградская область;Бокситогорский район;ДРП,  ГРС,  Артскважина СХТ,  СХТ Гаражи,  СХТ-дет.сад. п.Сельхозтехника д.9,  ч/сектор;;23-09-2023;10:00;23-09-2023;15:00;Тихвинские ЭС;Бокситогорский РЭС;
Санкт-Петербург;Пушкинский район;г. Пушкин;Саперная. д. 55 к1с1,  к1с2,  к1с3;22-09-2023;22:00;23-09-2023;07:00;Южные электрические сети;Пушкинский РЭС;
Ленинградская область;Тосненский район;п. Рябово;Мысленская,  Восточная,  Заводская,  Набережная,  Заречная;22-09-2023;17:00;22-09-2023;18:00;Гатчинские ЭС;Тосненский РЭС;В связи с производством оперативных переключений по ф.717-07
Ленинградская область;Лодейнопольский район;д.Старая Слобода;Центр;22-09-2023;13:00;22-09-2023;16:00;Новоладожские ЭС;Лодейнопольский РЭС;
Санкт-Петербург;Невский район;г. Санкт-Петербург;"ул. Ольги Берггольц,  д. 12,  лит.А; ул. Бабушкина,  д. 14,  лит.А.";22-09-2023;11:00;22-09-2023;17:00;Кабельная сеть;Невский РЭС;
Санкт-Петербург;Выборгский район (СПб);Санкт-Петербург;Ивана Фомина д. 9. пр. Просвещения д. 35;22-09-2023;11:00;22-09-2023;17:00;Кабельная сеть;Северный РЭС;
Санкт-Петербург;Фрунзенский район;Санкт-Петербург;Нефтяная дорога д. 3 стр. 1;22-09-2023;11:00;22-09-2023;15:00;Кабельная сеть;Южный РЭС;
Санкт-Петербург;Фрунзенский район;Санкт-Петербург;"Лиговский пр. д. 179 л.А; д.183 л.А; д.185 л.А.";22-09-2023;11:00;22-09-2023;15:00;Кабельная сеть;Южный РЭС;
Санкт-Петербург;Красногвардейский район;Санкт-Петербург;Красногвардейская площадь, д3;22-09-2023;10:30;22-09-2023;17:00;Кабельная сеть;Правобережный РЭС;
Санкт-Петербург;Приморский район (СПб);Санкт-Петербург;бул. Серебристый д. 9 к. 2 (школа № 43),  бул. Серебристый д. 11 к. 2 (Д/С № 13) (К-к 7533),  бул. Серебристый д. 11 к. 1 (К-к № 7537),  бул. Серебристый д. 13 (К-к № 7536),  бул. Серебристый д. 15 (ГРЩ-1,  ГРЩ-2) (К-к № 7535);22-09-2023;10:00;22-09-2023;18:00;Кабельная сеть;Западный РЭС;
Ленинградская область;Ломоносовский район;д.Лаголово;;22-09-2023;10:00;22-09-2023;17:00;Южные электрические сети;Красносельский РЭС;ТП-482
Ленинградская область;Всеволожский район;д.Борисова Грива;;22-09-2023;10:00;22-09-2023;17:00;Северные электрические сети;Всеволожский РЭС;
Ленинградская область;Тосненский район;п. Сиголово;Солнечная,  Заречная;22-09-2023;10:00;22-09-2023;17:00;Гатчинские ЭС;Тосненский РЭС;Выполнение замены провода на СИП, и вводов на здания.
Ленинградская область;Тосненский район;д. Сидорово;д.21а;22-09-2023;10:00;22-09-2023;17:00;Гатчинские ЭС;Тосненский РЭС;Выполнение замены провода на СИП, и вводов на здания.
Ленинградская область;Ломоносовский район;д.Пигелево,  д. Кемяряйзи, д.Кемеряйзи,   д.Капорское,  ,  КП Аннинские высоты,  СНТ Колос 2;;22-09-2023;10:00;22-09-2023;20:00;Южные электрические сети;Красносельский РЭС;
Санкт-Петербург;Петроградский район;Санкт-Петербург;ул. Зверинская,  д. 28-30,  д. 32,  д. 34;22-09-2023;10:00;22-09-2023;18:00;Кабельная сеть;Островной РЭС;
Ленинградская область;Лодейнопольский район;д.Новая Слобода;;22-09-2023;10:00;22-09-2023;13:00;Новоладожские ЭС;Лодейнопольский РЭС;
Ленинградская область;Ломоносовский район;ДНП Простоквашино,  ДНП Фаворит;;22-09-2023;10:00;22-09-2023;16:00;Гатчинские ЭС;Ломоносовский РЭС;Плановые работы (Заявка №52027)
Санкт-Петербург;Красногвардейский район;Санкт-Петербург;"М.Блюхера пр.,  д.67/2,  65,  63/2,  67/1,  67/3,  69; пр.Энергетиков,  д.70";22-09-2023;10:00;22-09-2023;20:00;Кабельная сеть;Восточный РЭС;
Ленинградская область;Ломоносовский район;д.Капорское,  д. Кемпелево,  д.Тиммолово,  д.Яльгелево.;;22-09-2023;10:00;22-09-2023;20:00;Южные электрические сети;Красносельский РЭС;
Ленинградская область;Бокситогорский район;д. Костерино;;22-09-2023;10:00;22-09-2023;16:00;Тихвинские ЭС;Бокситогорский РЭС;
Санкт-Петербург;Московский район;Санкт-Петербург;7-й Предпортовый пр. д. 14,  лит. А;22-09-2023;10:00;22-09-2023;16:00;Кабельная сеть;Южный РЭС;
Санкт-Петербург;Пушкинский район;г. Пушкин;Колпинское ш. д. 35А;22-09-2023;10:00;22-09-2023;20:00;Южные электрические сети;Пушкинский РЭС;
Санкт-Петербург;Пушкинский район;Пушкин;Средняя,  д. 22, 15, 3,  Оранжерейная,  д. 6/14,  27/12,  4,  Леонтьевская,  д. 3/7,  11,  18;22-09-2023;10:00;22-09-2023;17:00;Южные электрические сети;Пушкинский РЭС;Леонтьевская, д. 11,18 ночные переключений в период с 22:00 до 07:00  21-22 и 22-23сентября
Ленинградская область;Гатчинский район;д.Хюттелево;;22-09-2023;10:00;22-09-2023;17:00;Южные электрические сети;Красносельский РЭС;ТП-5793
Санкт-Петербург;Пушкинский район;г. Пушкин,  п. Александровская;Волхонское ш. д. 32,  44,  36а,  30,  28,  26,  24,  22,  16,  12,  14а,  18, 20,  38,  40,  42,  46,  48,  50, 46а.;22-09-2023;10:00;22-09-2023;21:00;Южные электрические сети;Пушкинский РЭС;
Ленинградская область;Приозерский район;п.Тракторное;полностью;22-09-2023;10:00;22-09-2023;17:00;Выборгские ЭС;Приозерский РЭС;ф.511-02 ТП-530  яч.ВН-10 ввода ф.511-02 протяжка контактных соединений.
Ленинградская область;Тосненский район;Федоровское ГП;Центральная;22-09-2023;10:00;22-09-2023;16:00;Южные электрические сети;Пушкинский РЭС;
Ленинградская область;Бокситогорский район;д. Васьково,  д.Максимово,  д. Платаново, д. Озеро-Село,  д. Марьино-Село;;22-09-2023;10:00;22-09-2023;13:00;Тихвинские ЭС;Бокситогорский РЭС;
Ленинградская область;Ломоносовский район;д.Новополье,  д.Старые Заводы.;;22-09-2023;10:00;22-09-2023;18:00;Южные электрические сети;Красносельский РЭС;
Ленинградская область;Ломоносовский район;д.Кемеряйзи,  д.Пигелево,  д.Капорское,  СНТ Колос-2,  ТСН Красносельское;;22-09-2023;10:00;22-09-2023;20:00;Южные электрические сети;Красносельский РЭС;
Ленинградская область;Ломоносовский район;д.Кемеряйзи,  д.Пигелево,  д.Капорское,  СНТ Колос-2,  ТСН Красносельское;;22-09-2023;10:00;22-09-2023;20:00;Южные электрические сети;Красносельский РЭС;
Ленинградская область;Тосненский район;п .Тельмана;ш. Красноборское;22-09-2023;10:00;25-09-2023;17:00;Южные электрические сети;Пушкинский РЭС;
Ленинградская область;Бокситогорский район;часть д. Дыми;;22-09-2023;10:00;22-09-2023;15:00;Тихвинские ЭС;Бокситогорский РЭС;
Ленинградская область;Лодейнопольский район;Ветхое Село;;22-09-2023;09:30;22-09-2023;16:00;Новоладожские ЭС;Лодейнопольский РЭС;
Ленинградская область;Бокситогорский район;д.Мозолево-1;;22-09-2023;09:00;22-09-2023;17:00;Тихвинские ЭС;Бокситогорский РЭС;
Ленинградская область;Гатчинский район;д.Горки (рядом д.Мины);;22-09-2023;09:00;22-09-2023;17:00;Гатчинские ЭС;Тосненский РЭС;
Санкт-Петербург;Курортный район;п.Молодежное;Приморское ш,  д.661, Правды ул,  д.3 ,  Правды ул,  д.5 ,  Правды ул,  д.5 лит.А,  пом.4Н,  Правды ул,  д.6А,  Правды ул,  д. участок 1 (восточнее д.4б,  лит.А по ул. Правды),  Приморское Шоссе,  д.659 ,  Пер. Правды,  д.6 ,  Правды ул,  д.5 пом.3-Н,  Правды ул,  д.5 пом.2-Н,  Правды ул,  д.6;22-09-2023;09:00;22-09-2023;20:00;Северные электрические сети;Курортный РЭС;Замена трансформаторов тока
Ленинградская область;Бокситогорский район;д.Золотово;;22-09-2023;09:00;22-09-2023;17:00;Тихвинские ЭС;Бокситогорский РЭС;
Ленинградская область;Всеволожский район;д.Мистолово, д.Корабсельки;;22-09-2023;09:00;22-09-2023;17:00;Северные электрические сети;Сертоловский РЭС;
Ленинградская область;Волосовский район;Волна;;22-09-2023;09:00;22-09-2023;17:00;Кингисеппские ЭС;Кингисеппский РЭС;
Ленинградская область;Бокситогорский район;д.Абрамова Гора;;22-09-2023;09:00;22-09-2023;16:00;Тихвинские ЭС;Бокситогорский РЭС;
Ленинградская область;Лужский район;Гверездно;;22-09-2023;09:00;22-09-2023;17:00;Кингисеппские ЭС;Лужский РЭС;
Ленинградская область;Киришский район;СТ Рассвет;Полностью;22-09-2023;09:00;22-09-2023;17:00;Тихвинские ЭС;Тихвинский РЭС;
Ленинградская область;Тосненский район;г. Любань;жил.дома-ул.Березовая аллея,       жил.дома-ул.Пролетарская, Калинина, Красная, Советская, Луговая                                                         8-е марта, Кирова, Эрджигитова, Урицкого,;22-09-2023;09:00;22-09-2023;18:30;Гатчинские ЭС;Тосненский РЭС;Чистка трассы ВЛ от ДКР
Ленинградская область;Всеволожский район;д.Борисова Грива;;22-09-2023;09:00;22-09-2023;17:00;Северные электрические сети;Всеволожский РЭС;
Ленинградская область;Киришский район;д.Андреево,  д.Багольник;деревня;22-09-2023;09:00;22-09-2023;17:00;Тихвинские ЭС;Тихвинский РЭС;
Ленинградская область;Кингисеппский район;Старое Гарколово,  Новое Гарколово;Забалканская,  Пограничная,  Сиреневая,  база отдыха;22-09-2023;09:00;22-09-2023;17:00;Кингисеппские ЭС;Кингисеппский РЭС;
Ленинградская область;Всеволожский район;д.Борисова Грива;;22-09-2023;09:00;22-09-2023;16:00;Северные электрические сети;Всеволожский РЭС;
Санкт-Петербург;Приморский район (СПб);Лахта,  Ольгино;"Санкт-Петербург,  Лахта тер.,  Колхозная ул,  10; Санкт-Петербург,  Лахта тер.,  Красных Партизан ул,  10,  1; Санкт-Петербург,  Колхозный пер,  5,  А; Санкт-Петербург,  Лахта тер.,  Совхозный пер,  4,  А; Санкт-Петербург,  Лахта тер.,  Колхозная ул,  1; Санкт-Петербург,  Лахта тер.,  Колхозная ул,  5; Санкт-Петербург,  Лахта тер.,  Колхозная ул,  6; Санкт-Петербург,  Лахта тер.,  Колхозная ул,  7,  А; Санкт-Петербург,  Лахта тер.,  Колхозная ул,  9,  А; Санкт-Петербург,  Лахта тер.,  Колхозная ул,  11,  2; Санкт-Петербург,  Лахта тер.,  Колхозная ул,  12; Санкт-Петербург,  Лахта тер.,  Колхозная ул,  13; Санкт-Петербург,  Лахта тер.,  Колхозная ул,  14,  А; Санкт-Петербург,  Лахта тер.,  Колхозная ул,  14; Санкт-Петербург,  Лахта тер.,  Колхозная ул,  18; Санкт-Петербург,  Лахта тер.,  Колхозная ул,  19,  1; Санкт-Петербург,  Лахта тер.,  Колхозная ул,  20,  А; Санкт-Петербург,  Лахта тер.,  Колхозная ул,  21; Санкт-Петербург,  Лахта тер.,  Колхозная ул,  22; Санкт-Петербург,  Лахта тер.,  Колхозная ул,  23; Санкт-Петербург,  Лахта тер.,  Колхозная ул,  24,  а,  А; Санкт-Петербург,  Лахта тер.,  Колхозная ул,  25; Санкт-Петербург,  Лахта тер.,  Колхозная ул,  27,  А; Санкт-Петербург,  Лахта тер.,  Колхозная ул,  29; Санкт-Петербург,  Лахта тер.,  Колхозная ул,  31; Санкт-Петербург,  Лахта тер.,  Колхозная ул,  33,  А; Санкт-Петербург,  Лахта тер.,  Колхозная ул,  33; Санкт-Петербург,  Лахта тер.,  Колхозная ул,  4; Санкт-Петербург,  Лахта тер.,  Колхозная ул,  16; Санкт-Петербург,  Лахта тер.,  Колхозная ул,  32; Санкт-Петербург,  Лахта тер.,  Красных Партизан ул,  10,  1,  А; Санкт-Петербург,  Лахта тер.,  Колхозная ул,  8; Санкт-Петербург,  Лахта тер.,  Красных Партизан ул,  12,  1,  лит.А; Санкт-Петербург,  Лахта тер.,  Колхозная ул,  36,  а; Санкт-Петербург,  Лахта тер.,  Сельский Пер.,  4; Санкт-Петербург,  Лахта тер.,  Сельский Пер.,  6; Санкт-Петербург,  Лахта тер.,  Сельский Пер.,  8; Санкт-Петербург,  Лахта тер.,  Совхозный Пер.,  3; Санкт-Петербург,  Лахта тер.,  Колхозная ул,  уч.48Санкт-Петербург,  Лахта тер.,  Колхозная ул,  уч.2(юго-западнее д.22 лит.А по Колхозной ул.); Санкт-Петербург,  Лахта тер.,  Колхозная ул,  уч.1 (юго-западнее д.22 лит.А по Колхозной ул.); Санкт-Петербург,  Лахта тер.,  Красных Партизан ул,  участок 1 (южнее д.10 корп.1 лит.А); Санкт-Петербург,  Лахта тер.,  Колхозная ул,  рядом с д.42-2,  опора №3; Санкт-Петербург,  Лахта тер.,  Станция Лахта; Санкт-Петербург,  Лахта тер.,  Колхозная ул,  30,  в,  ,  лит. А; Санкт-Петербург,  Лахта тер.,  Колхозная ул,  42,  1; Санкт-Петербург,  Лахта тер.,  Колхозная ул,  42,  2; Санкт-Петербург,  Лахта тер.,  Совхозный Пер.,  5; Санкт-Петербург,  Лахта тер.,  Колхозный Пер.,  4; Санкт-Петербург,  Лахта тер.,  Колхозный Пер.,  3; Санкт-Петербург,  Лахта тер.,  Колхозная ул,  3; Санкт-Петербург,  Лахта тер.,  Колхозный Пер.,  5; Санкт-Петербург,  Лахта тер.,  Колхозная ул,  15; Санкт-Петербург,  Лахта тер.,  Колхозная ул,  28,  ,  лит. Б; Санкт-Петербург,  Лахта тер.,  Колхозная ул,  30,  а; Санкт-Петербург,  Лахта тер.,  Колхозная ул,  25,  А; Санкт-Петербург,  Лахта тер.,  Колхозная ул,  15,  1,  А; Санкт-Петербург,  Лахта тер.,  Колхозная ул,  17,  2; Санкт-Петербург,  Лахта тер.,  Колхозная ул,  21,  А; Санкт-Петербург,  Лахта тер.,  Колхозная ул,  6,  А; Санкт-Петербург,  Лахта тер.,  Колхозная ул,  11,  2,  А; Санкт-Петербург,  Колхозный пер,  3,  А; Санкт-Петербург,  Лахта тер.,  Совхозный пер,  6,  А; Санкт-Петербург,  Лахта тер.,  Колхозная ул,  17,  2,  А; Санкт-Петербург,  Лахта тер.,  Красных Партизан ул,  14; Санкт-Петербург,  Лахта тер.,  Совхозный пер,  3,  А; Санкт-Петербург,  Лахта тер.,  Колхозная ул,  28,  А; Санкт-Петербург,  Лахта тер.,  Колхозная ул,  23,  А; Санкт-Петербург,  Лахта тер.,  Колхозная ул,  35,  А; Санкт-Петербург,  Лахта тер.,  Колхозная ул,  20; Санкт-Петербург,  Лахта тер.,  Колхозная ул,  16,  А; Санкт-Петербург,  Лахта тер.,  Колхозная ул,  5,  А; Санкт-Петербург,  Лахта тер.,  Колхозная ул,  24,  а лит.А; Санкт-Петербург,  Лахта тер.,  Колхозная ул,  28,  Б; Санкт-Петербург,  Лахта тер.,  Колхозная ул,  30,  б,  лит.А; Санкт-Петербург,  Лахта тер.,  Колхозная ул,  22,  А; Санкт-Петербург,  Лахта тер.,  Совхозный пер,  5,  А; Санкт-Петербург,  Лахта тер.,  Колхозная ул,  8,  Б; Санкт-Петербург,  Лахта тер.,  Колхозная ул,  19,  1,  А; Санкт-Петербург,  Лахта тер.,  Колхозная ул,  38,  А; Санкт-Петербург,  Лахта тер.,  Колхозная ул,  30,  б,  А; Санкт-Петербург,  Лахта тер.,  Колхозная ул,  18,  А; Санкт-Петербург,  Лахта тер.,  Колхозная ул,  10,  А; Санкт-Петербург,  Лахта тер.,  Красных Партизан ул,  16,  А; Санкт-Петербург,  Лахта тер.,  Колхозная ул,  30,  а,  А; Санкт-Петербург,  Колхозный пер,  4,  А";22-09-2023;09:00;22-09-2023;17:00;Северные электрические сети;Песочинский РЭС;"Уведомляем Вас о временном прекращение подачи электрической энергии на объекты нежилых и жилых помещений в посёлке Ольгино на 6 часов в период с 21.09.-22.09.203 с 09:00 до 17:00 в связи с технологическим подключением абонента по заявке №22-049970 филиала ПАО «Россети Ленэнерго» СЭС.

Напряжение на объекты будет подаваться по факту завершения работ без предварительного уведомления. На указанный период производства работ энергоснабжаемые объекты считать под напряжением."
Ленинградская область;Киришский район;"Еврейское болото, СТ Бережки,  АЗС-217 ""Киришиавтосервис""";;22-09-2023;09:00;22-09-2023;17:00;Тихвинские ЭС;Тихвинский РЭС;
Ленинградская область;Волосовский район;д. Голубовицы д. Шелково д. Кивалицы д. Добряницы д. Каськово д. Модолицы;;22-09-2023;09:00;22-09-2023;17:00;Гатчинские ЭС;Ломоносовский РЭС;Плановые работы
Ленинградская область;Волховский район;Куколь,  Конец,  Заднево,  Нивы,  Дяглево,  Ежева,  Юрцево,  Монцево,  Великое село,  Хамонтово,  Коскеницы,  Колчаново;Нагорная,  Набережная,  Советская,  Центральная;22-09-2023;09:00;22-09-2023;17:00;Новоладожские ЭС;Волховский РЭС;
Ленинградская область;Волховский район;Кисельня;Телятник (Кисельня),  ск. Двор (Кисельня),  микрорайон Клёники,  Пилорама,  Кисельнинская средняя общеобразовательная школа,  Центральная улица;22-09-2023;09:00;22-09-2023;17:00;Новоладожские ЭС;Волховский РЭС;
Ленинградская область;Тихвинский район;ТП 15-07-07 (Кострино),  д. Воложба (ТП 15-07-10),  д. Городище (ТП 15-07-09),  д. Плёсо (ТП 15-07-08);;22-09-2023;09:00;22-09-2023;18:00;Тихвинские ЭС;Тихвинский РЭС;Отключение в д. Плёсо, д. Воложба, д. Городище будет не более 1 часа, для подключения РИСЭ. В д. Кострино отключение будет на весь период рабочего дня.
Ленинградская область;Ломоносовский район;"СНТ ""Трансмаш""";ч/с и пр.;22-09-2023;08:30;22-09-2023;16:00;Южные электрические сети;Петродворцовый  РЭС;Неотложные работы персоналом ВВР Южный по профилактическому восстановлению РЗА Ф.222-614.
Ленинградская область;Бокситогорский район;д.Забелье Ефимовское с/п;;22-09-2023;06:00;22-09-2023;18:00;Тихвинские ЭС;Бокситогорский РЭС;
Ленинградская область;Тосненский район;п. Рябово;Мысленская,  Восточная,  Заводская,  Набережная,  Заречная;22-09-2023;06:00;22-09-2023;07:00;Гатчинские ЭС;Тосненский РЭС;В связи с производством оперативных переключений по ф.717-07
Ленинградская область;Бокситогорский район;д.Логиново,  д. Курята д.Толсть , д.Бирючево, д.Коргорка, д.Дубровка, д.Забелино, д.Маклаково, д.Селище;д.Климово пилорамы;22-09-2023;04:00;22-09-2023;17:00;Тихвинские ЭС;Бокситогорский РЭС;
Санкт-Петербург;Пушкинский район;г. Пушкин;Саперная. д. 55 к1с1,  к1с2,  к1с3;21-09-2023;22:00;22-09-2023;07:00;Южные электрические сети;Пушкинский РЭС;
Ленинградская область;Волосовский район;Клопицы (частный сектор);население по дороге на Медниково;21-09-2023;13:00;21-09-2023;17:00;Гатчинские ЭС;Ломоносовский РЭС;плановые работы на ТП-8190
Санкт-Петербург;Красногвардейский район;Санкт-Петербург;Революции ш.,  д.102/2,  88 лит.Х;21-09-2023;12:00;21-09-2023;18:00;Кабельная сеть;Восточный РЭС;
Ленинградская область;Гатчинский район;"п.Новинка, д.Новинка, Озерешно, Ольховец, Нестерково, Тарасино, Чаща, Дальний, Воцко, Кремено, Ракитино, СНТ""Новинка"".";;21-09-2023;12:00;21-09-2023;16:00;;;Работы на ПС-35 кВ Новинка.
Санкт-Петербург;Московский район;Санкт-Петербург;7-й Предпортовый пр. д. 1а;21-09-2023;12:00;21-09-2023;17:00;Кабельная сеть;Южный РЭС;
Санкт-Петербург;Фрунзенский район;г. Санкт-Петербург;Бухарестская улица,  дом 96,  литера А.;21-09-2023;11:00;21-09-2023;17:00;Кабельная сеть;Невский РЭС;
Санкт-Петербург;Фрунзенский район;г. Санкт-Петербург;"ул. Будапештская,  д. 45,  лит.А; д. 49,  лит.Б; ,  д. 49,  к.1,  лит.А; д. 51,  лит.А; д. 55,  лит.А; Альпийский пер.,  д. 23,  к.2,  лит.А";21-09-2023;11:00;21-09-2023;17:00;Кабельная сеть;Невский РЭС;
Санкт-Петербург;Невский район;г. Санкт-Петербург;"ул. Бабушкина,  д. 56,  к.1,  к.2,  к.3; д. 58,  к.1,  к.2; д. 60; ул. Леснозаводская,  д. 3";21-09-2023;11:00;21-09-2023;17:00;Кабельная сеть;Невский РЭС;
Санкт-Петербург;Красногвардейский район;Санкт-Петербург;пр.Новочеркасский,  д45к2;21-09-2023;11:00;21-09-2023;13:00;Кабельная сеть;Правобережный РЭС;
Ленинградская область;Всеволожский район;Вартемяги,  Скотное ,  Рапполово,  Кавголово,;;21-09-2023;11:00;21-09-2023;17:00;Северные электрические сети;Сертоловский РЭС;
Санкт-Петербург;Петроградский район;Санкт-Петербург;"Александровский парк,  д. 3Г,  д. 4 к. 5,  пом.1Н; д. 5 лит. А,  Б,  В,  Г,  Д; Кронверкская наб.,  д. 3 лит. А,  д. 3 к.2";21-09-2023;11:00;21-09-2023;13:00;Кабельная сеть;Островной РЭС;кратковременное гашение на 10мин
Ленинградская область;Гатчинский район;Изора,  Лязево,  Протасовка;;21-09-2023;10:30;21-09-2023;18:00;Гатчинские ЭС;Гатчинский РЭС;Ремонт ЛР 10кВ на опоре №81/1 к ТП-1625, кронирование угрожающих деревьев
Санкт-Петербург;Приморский район (СПб);Санкт-Петербург;ул. Стародеревенская д. 5,  ул. Стародеревенская д. 6 к. 1,  ул. Школьная д. 86 к. 2,  ленсвет.;21-09-2023;10:00;21-09-2023;18:00;Кабельная сеть;Западный РЭС;
Санкт-Петербург;Приморский район (СПб);Санкт-Петербург;ул. Нижне-Каменская д. 11,  ул. Нижне-Каменская д. 7 к. 1,  ул. Нижне-Каменская д. 7 к. 2,  Светофор,;21-09-2023;10:00;21-09-2023;17:00;Кабельная сеть;Западный РЭС;
Ленинградская область;Приозерский район;п.Студеное;Лесная;21-09-2023;10:00;21-09-2023;17:00;Выборгские ЭС;Приозерский РЭС;ВЛ-0.4кВ Л-1 от ТП-109 Перетяжка проводов в пролете оп.№5-6
Ленинградская область;Всеволожский район;д.Екатериновка  пилорамма,  автозаправка д. Екатериновка,  ИП Шевцов,  СНТ «Новая Екатериновка»,  СНТ «Грузино-парк»,  СНТ «Долина»,  Индустриальный парк «Екатерининский»,  ООО «Конструктив»;;21-09-2023;10:00;21-09-2023;17:00;Северные электрические сети;Сертоловский РЭС;
Санкт-Петербург;Красносельский район;Красное село;пр. Ленина;21-09-2023;10:00;21-09-2023;17:00;Южные электрические сети;Красносельский РЭС;ТП-407к отключение на 2 час
Санкт-Петербург;Красносельский район;Красное село;пр. Ленина;21-09-2023;10:00;21-09-2023;17:00;Южные электрические сети;Красносельский РЭС;ТП-407к отключение на 2 час
Санкт-Петербург;Всеволожский район;Ржевка;;21-09-2023;10:00;21-09-2023;17:00;Северные электрические сети;Всеволожский РЭС;
Ленинградская область;Всеволожский район;Приютино,  Ковалево;;21-09-2023;10:00;21-09-2023;17:00;Северные электрические сети;Всеволожский РЭС;
Ленинградская область;Тосненский район;п. Сиголово;Солнечная,  Заречная;21-09-2023;10:00;21-09-2023;17:00;Гатчинские ЭС;Тосненский РЭС;Выполнение замены провода на СИП, и вводов на здания.
Ленинградская область;Тосненский район;д. Сидорово;д.21а;21-09-2023;10:00;21-09-2023;17:00;Гатчинские ЭС;Тосненский РЭС;Выполнение замены провода на СИП, и вводов на здания.
Ленинградская область;Тосненский район;д. Сидорово;д.21а;21-09-2023;10:00;21-09-2023;17:00;Гатчинские ЭС;Тосненский РЭС;Выполнение замены провода на СИП, и вводов на здания.
Ленинградская область;Ломоносовский район;д.Пигелево,  д. Кемяряйзи, д.Кемеряйзи,   д.Капорское,  ,  КП Аннинские высоты,  СНТ Колос 2;;21-09-2023;10:00;21-09-2023;20:00;Южные электрические сети;Красносельский РЭС;
Ленинградская область;Ломоносовский район;д.Разбегаево;;21-09-2023;10:00;21-09-2023;17:00;Южные электрические сети;Красносельский РЭС;ТП-492
Ленинградская область;Ломоносовский район;д.Райкузи;;21-09-2023;10:00;21-09-2023;18:00;Южные электрические сети;Красносельский РЭС;ТП-5840, ТП-6396
Ленинградская область;Ломоносовский район;п.Виллози.;;21-09-2023;10:00;21-09-2023;17:00;Южные электрические сети;Красносельский РЭС;ТП-516
Ленинградская область;Ломоносовский район;п. Аннино.;;21-09-2023;10:00;21-09-2023;17:00;Южные электрические сети;Красносельский РЭС;ТП-579
Санкт-Петербург;Василеостровский район;Санкт-Петербург;ул. Наличная,  д. 32 к.1,  пом. 1-5Н;21-09-2023;10:00;21-09-2023;18:00;Кабельная сеть;Островной РЭС;
Ленинградская область;Лодейнопольский район;Рассвет;д. 1,  2,  3,  4;21-09-2023;10:00;21-09-2023;16:00;Новоладожские ЭС;Лодейнопольский РЭС;
Ленинградская область;Лодейнопольский район;д.Зиновий наволок,  Матреновщина;;21-09-2023;10:00;21-09-2023;16:00;Новоладожские ЭС;Лодейнопольский РЭС;
Санкт-Петербург;Красногвардейский район;Санкт-Петербург;М.Блюхера пр.,  д.78 лит.А,  лит.М;21-09-2023;10:00;21-09-2023;18:00;Кабельная сеть;Восточный РЭС;
Санкт-Петербург;Приморский район (СПб);Санкт-Петербург;пр. Авиаконструкторов д. 18 к. 3.;21-09-2023;10:00;21-09-2023;21:00;Кабельная сеть;Западный РЭС;
Ленинградская область;Лужский район;Загорье;;21-09-2023;10:00;22-09-2023;16:00;Кингисеппские ЭС;Лужский РЭС;
Ленинградская область;Лужский район;Загорье;;21-09-2023;10:00;22-09-2023;16:00;Кингисеппские ЭС;Лужский РЭС;
Санкт-Петербург;Пушкинский район;Пушкин;Средняя,  д. 22, 15, 26/8, 24, 13,  Садовая,  д.э 14,  Оранжерейная,  д. 6/14,  27/12,  4;21-09-2023;10:00;21-09-2023;17:00;Южные электрические сети;Пушкинский РЭС;ул. Средняя, д. 13, 26/8, 24, 18, Оранжерейная, д. 27/12 ночные переключений в период с 22:00 до 07:00 20-21 и 21-22 сентября
Санкт-Петербург;Фрунзенский район;Санкт-Петербург;Волковский пр. д. 32;21-09-2023;10:00;21-09-2023;20:00;Кабельная сеть;Южный РЭС;
Санкт-Петербург;Пушкинский район;г. Пушкин,  п. Александровская;Волхонское ш. д. 32,  44,  ,  Ручейный прооехд,  16,  18,  20,  22,  24,  38, 36,  34,  32,  10,  8, 6, 4, 4а, 2, 8, 10,  Рабочий пер.,  д. 17,  Линенградское ш.,  д. 40. 38,  14,  16,  18,  20,  22,  24,  26 , 28;21-09-2023;10:00;21-09-2023;21:00;Южные электрические сети;Пушкинский РЭС;
Ленинградская область;Киришский район;д.Среднее село;Частично;21-09-2023;10:00;21-09-2023;17:00;Тихвинские ЭС;Тихвинский РЭС;
Ленинградская область;Киришский район;д.Среднее село;Частично;21-09-2023;10:00;21-09-2023;17:00;Тихвинские ЭС;Тихвинский РЭС;
Ленинградская область;Тосненский район;Федоровское ГП,;уч. Восточный,  1-й Восточный,  Промышленная,  Оборонная,  Пролетарская,  Техническая,  1-й Оборонный проезд,;21-09-2023;10:00;21-09-2023;17:00;Южные электрические сети;Пушкинский РЭС;
Ленинградская область;Тосненский район;садоводческий массив ижора,  гп. Федоровское,  садоводство Контакт,  садоводство Текстиль,  садоводство Уголек;ул. Южная дорога,  ул. Полевая;21-09-2023;10:00;21-09-2023;16:00;Южные электрические сети;Пушкинский РЭС;
Санкт-Петербург;Петроградский район;Санкт-Петербург;"Яхтенный мост,  с выходом на Крестовский о-в,  в створе Яхтенной ул.; Северная дорога,  д. 15";21-09-2023;10:00;21-09-2023;18:00;Кабельная сеть;Островной РЭС;
Ленинградская область;Ломоносовский район;"д.Кабацкое,  д.Ускуля,  д.Кукушкино,  д. Кузнецы,  д. Б. Коновалово,  ДНП ""Лада"",  ДНП ""Дружное"",  и др.";ч/с промзона и пр.;21-09-2023;10:00;21-09-2023;18:00;Южные электрические сети;Петродворцовый  РЭС;Работы по монтажу опор ВЛ-6кВ, Ф.Гидроприбор-12, от РК-15 в сторону ТП-841П.
Ленинградская область;Киришский район;Будогощь;"Комсомольская,  Кооперативная,  Первомайская,  Кирова,  Октябрьская,  Озерная,  Делегатская,  дома №№ 1-20; Пионерская,  дома №№ 5,  6;";21-09-2023;10:00;21-09-2023;17:00;Тихвинские ЭС;Тихвинский РЭС;
Ленинградская область;Киришский район;Гремячево;частично;21-09-2023;10:00;21-09-2023;17:00;Тихвинские ЭС;Тихвинский РЭС;
Ленинградская область;Гатчинский район;Выра,  Замостье;;21-09-2023;10:00;21-09-2023;18:00;Гатчинские ЭС;Гатчинский РЭС;Замена ЛР-481 оп. 63/3
Ленинградская область;Ломоносовский район;д.Кемеряйзи,  д.Пигелево,  д.Капорское,  СНТ Колос-2,  ТСН Красносельское;;21-09-2023;10:00;21-09-2023;20:00;Южные электрические сети;Красносельский РЭС;
Ленинградская область;Пушкинский район;Пудомяги;;21-09-2023;10:00;21-09-2023;17:00;Южные электрические сети;Пушкинский РЭС;
Ленинградская область;Выборгский район (ЛО);п Майнило,  Ленинское;"СНТ Алакюль,   ДНП Золотая Роща,  Фермерское х-во Алакюль-2,   ДНП Майнила 2,  ДПК ""Созвездие""";21-09-2023;10:00;21-09-2023;17:00;Выборгские ЭС;Рощинский РЭС;
Ленинградская область;Лодейнопольский район;Новая Слобода;;21-09-2023;09:30;21-09-2023;16:30;Новоладожские ЭС;Лодейнопольский РЭС;
Ленинградская область;Лодейнопольский район;Агашово,  Шапша,  Печеницы,  Руссконицы;;21-09-2023;09:30;21-09-2023;16:30;Новоладожские ЭС;Лодейнопольский РЭС;
Ленинградская область;Приозерский район;п.Плодовое часть;Строителей,  Парковая,  ДК, контора совхоза,  КНС,  н/ст, котельная;21-09-2023;09:30;21-09-2023;17:00;Выборгские ЭС;Приозерский РЭС;ВЛ-10кВ ф.511-01 на ТП-81 текущий ремонт ВН-10кВ ввода ф.511-02
Ленинградская область;Бокситогорский район;д.Славково;;21-09-2023;09:30;21-09-2023;17:00;Тихвинские ЭС;Бокситогорский РЭС;
Ленинградская область;Бокситогорский район;д. Шибалово,  д.Никольское,  д.Плутно,  д.Ионино,  д.Стехново,  д.Лидь,  д. Лукинское,  д. Лесное,  п. Утишье,  п. Головачево;;21-09-2023;09:00;21-09-2023;17:00;Тихвинские ЭС;Бокситогорский РЭС;
Ленинградская область;Бокситогорский район;Чудцы-РТРС;;21-09-2023;09:00;21-09-2023;17:00;Тихвинские ЭС;Бокситогорский РЭС;
Ленинградская область;Бокситогорский район;д.Маклаково;;21-09-2023;09:00;21-09-2023;17:00;Тихвинские ЭС;Бокситогорский РЭС;
Ленинградская область;Гатчинский район;д.Горки (рядом д.Мины);;21-09-2023;09:00;21-09-2023;17:00;Гатчинские ЭС;Тосненский РЭС;
Санкт-Петербург;Курортный район;п.Солнечное;Петровская наб.,  д.6 ,  2-я Боровая ул,  д.6А, Б;21-09-2023;09:00;21-09-2023;20:00;Северные электрические сети;Курортный РЭС;ремонт здания
Санкт-Петербург;Курортный район;п.Молодежное;Приморское ш,  д.648, Приморское ш,  д.650, КНС № 3, КНС № 4, КНС № 6, Приморское ш,  д.650А, Приморское ш,  д.648А, В;21-09-2023;09:00;21-09-2023;20:00;Северные электрические сети;Курортный РЭС;Замена трансформаторов тока
Санкт-Петербург;Курортный район;г.Зеленогорск;Ленина ул.,  д.15А, Комсомольская ул Участок 11;21-09-2023;09:00;21-09-2023;20:00;Северные электрические сети;Курортный РЭС;Замена трансформаторов тока
Ленинградская область;Бокситогорский район;Чудцы-РТРС;;21-09-2023;09:00;21-09-2023;17:00;Тихвинские ЭС;Бокситогорский РЭС;
Ленинградская область;Волосовский район;Ронковицы, Ольхово, Греблово, Медниково;население;21-09-2023;09:00;21-09-2023;18:00;Гатчинские ЭС;Ломоносовский РЭС;Плановые работы на ВЛ 10кВ
Ленинградская область;Волосовский район;Красные Череповицы, Ржевка, Клопицы (частный сектор);население;21-09-2023;09:00;21-09-2023;18:00;Гатчинские ЭС;Ломоносовский РЭС;Плановые работы на ВЛ 10кВ
Ленинградская область;Бокситогорский район;д.Абрамова Гора;;21-09-2023;09:00;21-09-2023;17:00;Тихвинские ЭС;Бокситогорский РЭС;
Ленинградская область;Сланцевский район;Старополье;Администрация,  Почта,  МКД 1,  2,  ФАП. Сбербанк.;21-09-2023;09:00;21-09-2023;16:00;Кингисеппские ЭС;Кингисеппский РЭС;
Ленинградская область;Тосненский район;г. Любань;жил.дома-ул.Березовая аллея,       жил.дома-ул.Пролетарская, Калинина, Красная, Советская, Луговая                                                         8-е марта, Кирова, Эрджигитова, Урицкого,;21-09-2023;09:00;21-09-2023;18:30;Гатчинские ЭС;Тосненский РЭС;Чистка трассы ВЛ от ДКР
Ленинградская область;Лужский район;Холомцы;;21-09-2023;09:00;21-09-2023;17:00;Кингисеппские ЭС;Лужский РЭС;
Ленинградская область;Киришский район;СТ Рассвет;Полностью;21-09-2023;09:00;21-09-2023;17:00;Тихвинские ЭС;Тихвинский РЭС;
Ленинградская область;Всеволожский район;СНТ Кокосы.;-;21-09-2023;09:00;21-09-2023;19:00;Северные электрические сети;Всеволожский РЭС;
Ленинградская область;Киришский район;д.Андреево,  д.Багольник;деревня;21-09-2023;09:00;21-09-2023;17:00;Тихвинские ЭС;Тихвинский РЭС;
Ленинградская область;Кингисеппский район;Старое Гарколово,  Новое Гарколово;Забалканская,  Пограничная,  Сиреневая,  база отдыха;21-09-2023;09:00;21-09-2023;17:00;Кингисеппские ЭС;Кингисеппский РЭС;
Ленинградская область;Всеволожский район;д.Мистолово;;21-09-2023;09:00;21-09-2023;16:00;Северные электрические сети;Сертоловский РЭС;
Ленинградская область;Всеволожский район;п.Ново-девяткино;пром.зона;21-09-2023;09:00;21-09-2023;17:00;Северные электрические сети;Сертоловский РЭС;
Ленинградская область;Волховский район;д. Загубье;Набережная;21-09-2023;09:00;21-09-2023;16:00;Новоладожские ЭС;Лодейнопольский РЭС;Плановое отключение
Ленинградская область;Волосовский район;Клопицы (частный сектор);население по основной дороге;21-09-2023;09:00;21-09-2023;12:00;Гатчинские ЭС;Ломоносовский РЭС;плановые работы на ТП-8130
Ленинградская область;Волосовский район;Сельцо,  Слободка,  Рутелицы;население;21-09-2023;09:00;21-09-2023;17:00;Гатчинские ЭС;Ломоносовский РЭС;плановые работы на ВЛ 10кВ
Ленинградская область;Бокситогорский район;д. Лиственка,  д. Костерино,  д.Перунь;;21-09-2023;09:00;21-09-2023;18:00;Тихвинские ЭС;Бокситогорский РЭС;
Ленинградская область;Тихвинский район;д. Засыпье,  д. Вяльгино;;21-09-2023;09:00;21-09-2023;17:00;Тихвинские ЭС;Тихвинский РЭС;
Ленинградская область;Волосовский район;Стойгино, Смедово, Черенковицы;население;21-09-2023;09:00;21-09-2023;17:00;Гатчинские ЭС;Ломоносовский РЭС;плановые работы на  ВЛ 10кВ
Санкт-Петербург;Приморский район (СПб);Лахта,  Ольгино;"Санкт-Петербург,  Лахта тер.,  Колхозная ул,  10; Санкт-Петербург,  Лахта тер.,  Красных Партизан ул,  10,  1; Санкт-Петербург,  Колхозный пер,  5,  А; Санкт-Петербург,  Лахта тер.,  Совхозный пер,  4,  А; Санкт-Петербург,  Лахта тер.,  Колхозная ул,  1; Санкт-Петербург,  Лахта тер.,  Колхозная ул,  5; Санкт-Петербург,  Лахта тер.,  Колхозная ул,  6; Санкт-Петербург,  Лахта тер.,  Колхозная ул,  7,  А; Санкт-Петербург,  Лахта тер.,  Колхозная ул,  9,  А; Санкт-Петербург,  Лахта тер.,  Колхозная ул,  11,  2; Санкт-Петербург,  Лахта тер.,  Колхозная ул,  12; Санкт-Петербург,  Лахта тер.,  Колхозная ул,  13; Санкт-Петербург,  Лахта тер.,  Колхозная ул,  14,  А; Санкт-Петербург,  Лахта тер.,  Колхозная ул,  14; Санкт-Петербург,  Лахта тер.,  Колхозная ул,  18; Санкт-Петербург,  Лахта тер.,  Колхозная ул,  19,  1; Санкт-Петербург,  Лахта тер.,  Колхозная ул,  20,  А; Санкт-Петербург,  Лахта тер.,  Колхозная ул,  21; Санкт-Петербург,  Лахта тер.,  Колхозная ул,  22; Санкт-Петербург,  Лахта тер.,  Колхозная ул,  23; Санкт-Петербург,  Лахта тер.,  Колхозная ул,  24,  а,  А; Санкт-Петербург,  Лахта тер.,  Колхозная ул,  25; Санкт-Петербург,  Лахта тер.,  Колхозная ул,  27,  А; Санкт-Петербург,  Лахта тер.,  Колхозная ул,  29; Санкт-Петербург,  Лахта тер.,  Колхозная ул,  31; Санкт-Петербург,  Лахта тер.,  Колхозная ул,  33,  А; Санкт-Петербург,  Лахта тер.,  Колхозная ул,  33; Санкт-Петербург,  Лахта тер.,  Колхозная ул,  4; Санкт-Петербург,  Лахта тер.,  Колхозная ул,  16; Санкт-Петербург,  Лахта тер.,  Колхозная ул,  32; Санкт-Петербург,  Лахта тер.,  Красных Партизан ул,  10,  1,  А; Санкт-Петербург,  Лахта тер.,  Колхозная ул,  8; Санкт-Петербург,  Лахта тер.,  Красных Партизан ул,  12,  1,  лит.А; Санкт-Петербург,  Лахта тер.,  Колхозная ул,  36,  а; Санкт-Петербург,  Лахта тер.,  Сельский Пер.,  4; Санкт-Петербург,  Лахта тер.,  Сельский Пер.,  6; Санкт-Петербург,  Лахта тер.,  Сельский Пер.,  8; Санкт-Петербург,  Лахта тер.,  Совхозный Пер.,  3; Санкт-Петербург,  Лахта тер.,  Колхозная ул,  уч.48Санкт-Петербург,  Лахта тер.,  Колхозная ул,  уч.2(юго-западнее д.22 лит.А по Колхозной ул.); Санкт-Петербург,  Лахта тер.,  Колхозная ул,  уч.1 (юго-западнее д.22 лит.А по Колхозной ул.); Санкт-Петербург,  Лахта тер.,  Красных Партизан ул,  участок 1 (южнее д.10 корп.1 лит.А); Санкт-Петербург,  Лахта тер.,  Колхозная ул,  рядом с д.42-2,  опора №3; Санкт-Петербург,  Лахта тер.,  Станция Лахта; Санкт-Петербург,  Лахта тер.,  Колхозная ул,  30,  в,  ,  лит. А; Санкт-Петербург,  Лахта тер.,  Колхозная ул,  42,  1; Санкт-Петербург,  Лахта тер.,  Колхозная ул,  42,  2; Санкт-Петербург,  Лахта тер.,  Совхозный Пер.,  5; Санкт-Петербург,  Лахта тер.,  Колхозный Пер.,  4; Санкт-Петербург,  Лахта тер.,  Колхозный Пер.,  3; Санкт-Петербург,  Лахта тер.,  Колхозная ул,  3; Санкт-Петербург,  Лахта тер.,  Колхозный Пер.,  5; Санкт-Петербург,  Лахта тер.,  Колхозная ул,  15; Санкт-Петербург,  Лахта тер.,  Колхозная ул,  28,  ,  лит. Б; Санкт-Петербург,  Лахта тер.,  Колхозная ул,  30,  а; Санкт-Петербург,  Лахта тер.,  Колхозная ул,  25,  А; Санкт-Петербург,  Лахта тер.,  Колхозная ул,  15,  1,  А; Санкт-Петербург,  Лахта тер.,  Колхозная ул,  17,  2; Санкт-Петербург,  Лахта тер.,  Колхозная ул,  21,  А; Санкт-Петербург,  Лахта тер.,  Колхозная ул,  6,  А; Санкт-Петербург,  Лахта тер.,  Колхозная ул,  11,  2,  А; Санкт-Петербург,  Колхозный пер,  3,  А; Санкт-Петербург,  Лахта тер.,  Совхозный пер,  6,  А; Санкт-Петербург,  Лахта тер.,  Колхозная ул,  17,  2,  А; Санкт-Петербург,  Лахта тер.,  Красных Партизан ул,  14; Санкт-Петербург,  Лахта тер.,  Совхозный пер,  3,  А; Санкт-Петербург,  Лахта тер.,  Колхозная ул,  28,  А; Санкт-Петербург,  Лахта тер.,  Колхозная ул,  23,  А; Санкт-Петербург,  Лахта тер.,  Колхозная ул,  35,  А; Санкт-Петербург,  Лахта тер.,  Колхозная ул,  20; Санкт-Петербург,  Лахта тер.,  Колхозная ул,  16,  А; Санкт-Петербург,  Лахта тер.,  Колхозная ул,  5,  А; Санкт-Петербург,  Лахта тер.,  Колхозная ул,  24,  а лит.А; Санкт-Петербург,  Лахта тер.,  Колхозная ул,  28,  Б; Санкт-Петербург,  Лахта тер.,  Колхозная ул,  30,  б,  лит.А; Санкт-Петербург,  Лахта тер.,  Колхозная ул,  22,  А; Санкт-Петербург,  Лахта тер.,  Совхозный пер,  5,  А; Санкт-Петербург,  Лахта тер.,  Колхозная ул,  8,  Б; Санкт-Петербург,  Лахта тер.,  Колхозная ул,  19,  1,  А; Санкт-Петербург,  Лахта тер.,  Колхозная ул,  38,  А; Санкт-Петербург,  Лахта тер.,  Колхозная ул,  30,  б,  А; Санкт-Петербург,  Лахта тер.,  Колхозная ул,  18,  А; Санкт-Петербург,  Лахта тер.,  Колхозная ул,  10,  А; Санкт-Петербург,  Лахта тер.,  Красных Партизан ул,  16,  А; Санкт-Петербург,  Лахта тер.,  Колхозная ул,  30,  а,  А; Санкт-Петербург,  Колхозный пер,  4,  А";21-09-2023;09:00;21-09-2023;17:00;Северные электрические сети;Песочинский РЭС;"Уведомляем Вас о временном прекращение подачи электрической энергии на объекты нежилых и жилых помещений в посёлке Ольгино на 6 часов в период с 21.09.-22.09.203 с 09:00 до 17:00 в связи с технологическим подключением абонента по заявке №22-049970 филиала ПАО «Россети Ленэнерго» СЭС.

Напряжение на объекты будет подаваться по факту завершения работ без предварительного уведомления. На указанный период производства работ энергоснабжаемые объекты считать под напряжением."
Ленинградская область;Киришский район;"Еврейское болото, СТ Бережки,  АЗС-217 ""Киришиавтосервис""";;21-09-2023;09:00;21-09-2023;17:00;Тихвинские ЭС;Тихвинский РЭС;
Санкт-Петербург;Пушкинский район;г. Павловск;ул. Декабристов д.9,  11, 11А, 13, 13А, 10, 10А, 6,  ул. Красного Курсанта д.3, 8/6,  ул. Луначарского д.12, 4, 6, 8;21-09-2023;09:00;21-09-2023;21:00;Южные электрические сети;Пушкинский РЭС;
Ленинградская область;Волосовский район;п. Молосковицы;;21-09-2023;09:00;21-09-2023;17:00;Кингисеппские ЭС;Кингисеппский РЭС;
Ленинградская область;Кингисеппский район;Горки;;21-09-2023;09:00;21-09-2023;17:00;Кингисеппские ЭС;Кингисеппский РЭС;
Ленинградская область;Кингисеппский район;Кленно;;21-09-2023;09:00;21-09-2023;17:00;Кингисеппские ЭС;Кингисеппский РЭС;
Ленинградская область;Кингисеппский район;Килли;;21-09-2023;09:00;21-09-2023;17:00;Кингисеппские ЭС;Кингисеппский РЭС;
Ленинградская область;Лужский район;Большая Дивенка,  Тозырево;;21-09-2023;09:00;21-09-2023;19:00;Кингисеппские ЭС;Лужский РЭС;
Ленинградская область;Лужский район;Володарское;Люблинская;21-09-2023;09:00;22-09-2023;17:00;Кингисеппские ЭС;Лужский РЭС;
Ленинградская область;Волосовский район;д. Голубовицы,  д. Шелково;;21-09-2023;09:00;21-09-2023;17:00;Гатчинские ЭС;Ломоносовский РЭС;Плановые работы
Ленинградская область;Волховский район;Колчаново;Клубная;21-09-2023;09:00;21-09-2023;17:00;Новоладожские ЭС;Волховский РЭС;
Ленинградская область;Волховский район;Песчаный карьер (Кисельня),  д. Селивёрстово;;21-09-2023;09:00;21-09-2023;18:00;Новоладожские ЭС;Волховский РЭС;
Ленинградская область;Выборгский район (ЛО);п Симагино,  п Подгорное;Лен ВО Подсобное хозяйство Птичник,  СНТ Надежда-3,   СНТ Сабур Лесное,  ур.Славино,  СНТ Нива,  СНТ Подгорное,  индивидуальные застройщики;21-09-2023;09:00;21-09-2023;17:00;Выборгские ЭС;Рощинский РЭС;
Ленинградская область;Выборгский район (ЛО);п Симагино,  п Подгорное;Лен ВО Подсобное хозяйство Птичник,  СНТ Надежда-3,   СНТ Сабур Лесное,  ур.Славино,  СНТ Нива,  СНТ Подгорное,  индивидуальные застройщики;21-09-2023;09:00;21-09-2023;17:00;Выборгские ЭС;Рощинский РЭС;
Ленинградская область;Лужский район;Пустынь;;21-09-2023;08:00;22-09-2023;17:00;Кингисеппские ЭС;Лужский РЭС;
Ленинградская область;Бокситогорский район;д.Забелье Ефимовское с/п;;21-09-2023;06:00;21-09-2023;18:00;Тихвинские ЭС;Бокситогорский РЭС;
Ленинградская область;Бокситогорский район;д.Логиново,  д. Курята д.Толсть , д.Бирючево, д.Коргорка, д.Дубровка, д.Забелино, д.Маклаково, д.Селище;д.Климово пилорамы;21-09-2023;04:00;21-09-2023;17:00;Тихвинские ЭС;Бокситогорский РЭС;
Ленинградская область;Гатчинский район;"Антропшино,  г. Коммунар,  д. Покровское,  Пудомягское сп.,  ,  КП ""Русская усадьба""";ул. Антропшинская ч/сектор д.75-115,  Гамболовский проезд,  ДНП Покровская Усадьба,  Парковая д.3,  Садоводство Славяночка-2,  Славяночка-3,  КП Павловские Дачи,;21-09-2023;00:00;21-09-2023;07:00;Южные электрические сети;Пушкинский РЭС;
Ленинградская область;Подпорожский район;Красный Бор;;20-09-2023;16:00;20-09-2023;19:00;Новоладожские ЭС;Лодейнопольский РЭС;
Санкт-Петербург;Колпинский район;п. Шушары;Пром. зона Шушары;20-09-2023;14:00;20-09-2023;17:00;Южные электрические сети;Колпинский РЭС;
Ленинградская область;Выборгский район (ЛО);п.Большое Поле;частично;20-09-2023;13:00;20-09-2023;16:00;Выборгские ЭС;Выборгский РЭС;
Санкт-Петербург;Колпинский район;п. Усть-Славянка;"ул. Советский проспект д. 39 К1; д. 41 К1; д. 43 К1; д. 43 К2; д. 49; д. 49 К4; ул. Гудиловская д. 6 К2; д. 6 К3";20-09-2023;13:00;20-09-2023;17:00;Южные электрические сети;Колпинский РЭС;
Ленинградская область;Ломоносовский район;д.Капорское,  д. Кемпелево,  д.Тиммолово,  д.Яльгелево.;;20-09-2023;12:00;20-09-2023;17:00;Южные электрические сети;Красносельский РЭС;
Санкт-Петербург;Петроградский район;Санкт-Петербург;"Петроградская наб.,  д. 2-4; ул. Пеньковая,  д. 3,  д. 8/6; ул. Куйбышева,  д. 23 к.2";20-09-2023;12:00;20-09-2023;18:00;Кабельная сеть;Островной РЭС;Перевод нагрузки на Т-2
Санкт-Петербург;Фрунзенский район;Санкт-Петербург;"Лиговский пр. д.138 л.А; д.140 л.А; д.144 л.А";20-09-2023;11:00;20-09-2023;14:00;Кабельная сеть;Южный РЭС;
Санкт-Петербург;Невский район;г. Санкт-Петербург;пр. Елизарова,  д. 16,  лит. А.;20-09-2023;11:00;20-09-2023;15:00;Кабельная сеть;Невский РЭС;кратковременно на 1-1.5 часа
Санкт-Петербург;Пушкинский район;тер. Пулковское;Пулковское ш. д.103 уч. 56, 57, 61, 62, 63;20-09-2023;10:00;20-09-2023;17:20;Южные электрические сети;Пушкинский РЭС;
Ленинградская область;Ломоносовский район;Райкузи,  Иннолово;ул. Садовая,  ул,  Посадская,  Заречная;20-09-2023;10:00;20-09-2023;18:00;Южные электрические сети;Красносельский РЭС;ТП-5840, ТП-6396
Ленинградская область;Тихвинский район;д. Паголда ТП 143-22-20 (Паголда-котеджи);;20-09-2023;10:00;20-09-2023;17:00;Тихвинские ЭС;Тихвинский РЭС;Планируемое время отключения не более 5 часов в указанный период времени
Ленинградская область;Ломоносовский район;д.Лаголово;;20-09-2023;10:00;20-09-2023;17:00;Южные электрические сети;Красносельский РЭС;ТП-6064, ТП-6491
Ленинградская область;Всеволожский район;СНТ «Восход»,  СНТ «Метеор»,  СНТ «Красный Маяк»,  СНТ «Электроприбор»,  СНТ им.Кулакова,  СНТ «Трансмашевец», СНТ «Метрополитеновец»,  СНТ «Управление Октябрьской железной дороги»,  СНТ «Рабочий»,  СНТ «Фрунзевец»,  СНТ «Балтиец»,  СНТ «Леспроект»,  ООО «Полюстрово»,  СНТ «Эскалатор»,  СНТ «Красная нить»,   СНТ «Севзапстрой»,  СНТ «Красная Заря» ,  СНТ «Турбостроитель»,  АСНТ «Рубикон»,  д.Васкелово  Лемболовская набережная,  МЦ «Борменталь» .;;20-09-2023;10:00;20-09-2023;18:00;Северные электрические сети;Сертоловский РЭС;
Санкт-Петербург;Красносельский район;Красное село;пр. Ленина;20-09-2023;10:00;20-09-2023;17:00;Южные электрические сети;Красносельский РЭС;ТП-407к отключение на 2 часа
Ленинградская область;Тосненский район;п. Сиголово;Солнечная,  Заречная;20-09-2023;10:00;20-09-2023;17:00;Гатчинские ЭС;Тосненский РЭС;Выполнение замены провода на СИП, и вводов на здания.
Ленинградская область;Тосненский район;д. Сидорово;д.21а;20-09-2023;10:00;20-09-2023;17:00;Гатчинские ЭС;Тосненский РЭС;Выполнение замены провода на СИП, и вводов на здания.
Ленинградская область;Ломоносовский район;д.Пигелево,  д. Кемяряйзи, д.Кемеряйзи,   д.Капорское,  ,  КП Аннинские высоты,  СНТ Колос 2;;20-09-2023;10:00;20-09-2023;20:00;Южные электрические сети;Красносельский РЭС;
Ленинградская область;Ломоносовский район;д.Разбегаево;;20-09-2023;10:00;20-09-2023;17:00;Южные электрические сети;Красносельский РЭС;ТП-506
Ленинградская область;Кингисеппский район;Солка-3;;20-09-2023;10:00;20-09-2023;17:00;Кингисеппские ЭС;Кингисеппский РЭС;
Ленинградская область;Лужский район;Пустынь;;20-09-2023;10:00;22-09-2023;17:00;Кингисеппские ЭС;Лужский РЭС;
Ленинградская область;Приозерский район;п.Приладожское часть;Б/о;20-09-2023;10:00;20-09-2023;17:00;Выборгские ЭС;Приозерский РЭС;ВЛ-10кВ ф.511-05 уч. от ЛР-97 до ТП-187 - чистка трасы от ДКР
Ленинградская область;Тихвинский район;д.Казалма,  д.Леошино,  д.Щекотовицы,  д.Малое Усадище;;20-09-2023;10:00;20-09-2023;16:00;Тихвинские ЭС;Бокситогорский РЭС;
Ленинградская область;Приозерский район;п. Сосново;"ж/дома: ул. Шоссейная,  ул. Ленинградская,  ул. Набережная,  ул. Железнодорожная,  Еловый пер.,  ул. Ладожская АЗС «Кириши»,  БС ""Билайн"",  ""Газпроминвест"",  шиномонтаж,  ""Дельта""";20-09-2023;09:00;20-09-2023;18:00;Выборгские ЭС;Приозерский РЭС;
Санкт-Петербург;Курортный район;п.Ушково;Вокзальная ул,  д.4,    Вокзальная ул,  д.6,    Вокзальная ул,  д.6,  лит. А,  Вокзальная ул,  д.8,    Вокзальная ул,  д.9,    Вокзальная ул,  д.10,    Сосновая ул,  д.6,   лит. А,   Детская ул,  д.41,   лит. А,     Почтовый пер,  д.8,   лит. А,  Сосновая ул,  д.6,   лит. Б,     Сосновая ул,  д.6,    Вокзальная ул,  д.11, Детская ул,  д.32,    Детская ул,  д.37,  Детская ул,  д.41,    Сосновая ул,  д.9,    Почтовый Пер.,  д.10лит.А ,  Сосновая ул,  д.11лит.А   Почтовая Ул.,  д.5,    Вокзальная ул,  д.3,   лит. а,   Почтовый Пер.,  д.8лит.А   , Почтовая Ул уч. 7 (юго-восточнее д. 15,  лит. А по Почтовой ул.)   , Сосновая ул,  д.4,   лит. ,  лит. А   Вокзальная ул,  д.11,   лит. а,  Почтовый Пер.,  д.,   лит. ,  16 лит. А   Почтовая Ул уч. 2  ,  Сосновая ул,  д.12лит. А   , Вокзальная ул,  уч 4 (южнее д. 4 лит А по Вокзальной ул) , Полевая Ул.,  д.3стр.1, Сосновая ул,  д.3, лит. А  , Детская ул,  д.31,   лит. А,  Б, В, Д,    Сосновая ул уч.5,  кад. 78:38:0022613:30   Полевая Ул.,  д.4,  Почтовый Пер.,  д.14,  Почтовый Пер.,  д.10,    Почтовый Пер.,  д.4,    Почтовая Ул.,  д.15,    Почтовая Ул.,  д.4,    Почтовая Ул.,  д.8,  Сосновая ул,  д.9,   лит. А,     Почтовая Ул.,  д.15,   лит. А,     Вокзальная ул,  д.8,   лит. А,     Вокзальная ул,  д.9,   лит. А,     Почтовый пер,  д.10,   лит. А,     Детская ул,  д.32,   лит. Б,     Сосновая ул,  д.4,   лит. А,     Почтовый пер,  д.14,   лит. А,     Почтовая Ул.,  д.16,   лит. А,     Вокзальная ул,  д.4,   лит. А,   Полевая ул,  д.4,   лит. А,     Вокзальная ул,  д.10,   лит. А,   Почтовый пер,  д.4,   лит. А,   Почтовый пер,  д.16,   лит. А,     Вокзальная ул,  д.11лит. А,  Вокзальная ул,  д.11,   лит. А,;20-09-2023;09:00;20-09-2023;20:00;Северные электрические сети;Курортный РЭС;Капитальный ремонт здания ТП
Ленинградская область;Волосовский район;Жилгородок, Ронковицы, Ольхово, Греблово, Медниково;население,  котельные,  водозаборы;20-09-2023;09:00;20-09-2023;13:00;Гатчинские ЭС;Ломоносовский РЭС;Плановые работы на ВЛ 10кВ
Ленинградская область;Волосовский район;Ронковицы, Ольхово, Греблово, Медниково;население;20-09-2023;09:00;20-09-2023;18:00;Гатчинские ЭС;Ломоносовский РЭС;Плановые работы на ВЛ 10кВ
Ленинградская область;Волосовский район;Красные Череповицы, Ржевка, Клопицы (частный сектор);население;20-09-2023;09:00;20-09-2023;18:00;Гатчинские ЭС;Ломоносовский РЭС;Плановые работы на ВЛ 10кВ
Ленинградская область;Бокситогорский район;д.Абрамова Гора;;20-09-2023;09:00;20-09-2023;17:00;Тихвинские ЭС;Бокситогорский РЭС;
Ленинградская область;Волосовский район;Шадырицы, Малая Александровка,  Неревицы;;20-09-2023;09:00;20-09-2023;17:00;Кингисеппские ЭС;Кингисеппский РЭС;
Ленинградская область;Подпорожский район;Хевроньино;;20-09-2023;09:00;20-09-2023;17:00;Новоладожские ЭС;Лодейнопольский РЭС;
Ленинградская область;Киришский район;Еврейское болото, СТ Бережки;;20-09-2023;09:00;20-09-2023;17:00;Тихвинские ЭС;Тихвинский РЭС;
Ленинградская область;Киришский район;СТ Рассвет;Полностью;20-09-2023;09:00;20-09-2023;17:00;Тихвинские ЭС;Тихвинский РЭС;
Ленинградская область;Киришский район;д.Андреево,  д.Багольник;деревня;20-09-2023;09:00;20-09-2023;17:00;Тихвинские ЭС;Тихвинский РЭС;
Ленинградская область;Волосовский район;Жилгородок, Ронковицы, Ольхово, Греблово, Медниково;население,  котельные,  водозаборы;20-09-2023;09:00;20-09-2023;13:00;Гатчинские ЭС;Ломоносовский РЭС;Плановые работы на ВЛ 10кВ
Ленинградская область;Волосовский район;Ронковицы, Ольхово, Греблово, Медниково;население;20-09-2023;09:00;20-09-2023;18:00;Гатчинские ЭС;Ломоносовский РЭС;Плановые работы на ВЛ 10кВ
Ленинградская область;Волосовский район;Красные Череповицы, Ржевка, Клопицы (частный сектор);население;20-09-2023;09:00;20-09-2023;18:00;Гатчинские ЭС;Ломоносовский РЭС;Плановые работы на ВЛ 10кВ
Ленинградская область;Бокситогорский район;д.Абрамова Гора;;20-09-2023;09:00;20-09-2023;17:00;Тихвинские ЭС;Бокситогорский РЭС;
Ленинградская область;Волосовский район;Шадырицы, Малая Александровка,  Неревицы;;20-09-2023;09:00;20-09-2023;17:00;Кингисеппские ЭС;Кингисеппский РЭС;
Ленинградская область;Подпорожский район;Хевроньино;;20-09-2023;09:00;20-09-2023;17:00;Новоладожские ЭС;Лодейнопольский РЭС;
Ленинградская область;Киришский район;Еврейское болото, СТ Бережки;;20-09-2023;09:00;20-09-2023;17:00;Тихвинские ЭС;Тихвинский РЭС;
Ленинградская область;Киришский район;СТ Рассвет;Полностью;20-09-2023;09:00;20-09-2023;17:00;Тихвинские ЭС;Тихвинский РЭС;
Ленинградская область;Киришский район;д.Андреево,  д.Багольник;деревня;20-09-2023;09:00;20-09-2023;17:00;Тихвинские ЭС;Тихвинский РЭС;
Ленинградская область;Всеволожский район;д.Сярьги;;20-09-2023;09:00;20-09-2023;17:00;Северные электрические сети;Сертоловский РЭС;
Ленинградская область;Тихвинский район;д. Рандога,  д.Крючково,  д.Кулига;;20-09-2023;09:00;20-09-2023;17:00;Тихвинские ЭС;Тихвинский РЭС;
Ленинградская область;Лужский район;Раковичи;;20-09-2023;09:00;20-09-2023;17:00;Кингисеппские ЭС;Лужский РЭС;
Ленинградская область;Тихвинский район;г. Тихвин ТП 143-29-02 (СТО);;20-09-2023;09:00;20-09-2023;17:00;Тихвинские ЭС;Тихвинский РЭС;
Ленинградская область;Лужский район;Стелево,  Хвощно,  Красая Горка,  Святье;;20-09-2023;08:00;20-09-2023;17:00;Кингисеппские ЭС;Лужский РЭС;
Ленинградская область;Бокситогорский район;д.Забелье Ефимовское с/п;;20-09-2023;06:00;20-09-2023;18:00;Тихвинские ЭС;Бокситогорский РЭС;
